program,date,title,artist,album,label
bytefm-am-morgen,2020-03-01,You Ain't The Problem,Michael Kiwanuka,You Ain't The Problem (Single),Polydor
bytefm-am-morgen,2020-03-01,Un Million De Lagrimas,Claudya con Ramon Y Sus Showmen,Vampisoul Chicas Vol.02,Munster - Vampisoul
bytefm-am-morgen,2020-03-01,Number One Kid,Filewile,Mwcdpromo004,Mouthwatering
bytefm-am-morgen,2020-03-01,Discogedanken,Klaus Johann Grobe,Discogedanken (Single),Trouble In Mind Records
bytefm-am-morgen,2020-03-01,Black Bells,Wax Mannequin,No Safe Home,Cargo Records
bytefm-am-morgen,2020-03-01,Bodies At Bay,Cold Specks,Neuroplasticity,Mute
bytefm-am-morgen,2020-03-01,You Are Not An Island,Vanishing Twin,The Age Of Immunology,Fire Records
bytefm-am-morgen,2020-03-01,UNLVD,Socalled,Sleepover,Dare To Care Records
bytefm-am-morgen,2020-03-01,Kamo Kamo,Fat Freddy's Drop,Kamo Kamo (Single),The Drop
bytefm-am-morgen,2020-03-01,Talk To Me,Y'akoto,Tamba EP,Warner Music
bytefm-am-morgen,2020-03-01,Good Friday,CocoRosie,La Maison De Mon Reve,Touch & Go
bytefm-am-morgen,2020-03-01,Will You Love Me,Matthew E. White,Big Inner,Domino
bytefm-am-morgen,2020-03-01,What Good Is Moonlight,The Virgins,Strike Gently,Cult Records
bytefm-am-morgen,2020-03-01,Broken Record (Hackman Remix),Little Boots,Broken Record (Single),On Repeat
bytefm-am-morgen,2020-03-01,Bemerkenswerte Menschen,Die Regierung,Raus,Staatsakt
bytefm-am-morgen,2020-03-01,Take Me To The Riot,Stars,In Our Bedroom After The War,City Slang
bytefm-am-morgen,2020-03-01,Black Qualls (feat. Steve Lacy + Steve Arrington),Thundercat,Black Qualls (Single),Brainfeeder
bytefm-am-morgen,2020-03-01,Focus On Sight,Thievery Corporation,Memento: Music For And Inspired By The Film,Thrive Records
bytefm-am-morgen,2020-03-01,Laying Down Rock,Drinks,Hermits On Holiday,Birth Records
bytefm-am-morgen,2020-03-01,Die Stadt Der Reichen,Die Sterne,247,7 | Materie Records
bytefm-am-morgen,2020-03-01,Out Of Reach,Bananagun,Out Of Reach (Single),Full Time Hobby
bytefm-am-morgen,2020-03-01,Deception,Miles Davis,The Complete Birth Of The Cool,Capitol Jazz
bytefm-am-morgen,2020-03-01,Plastic Bag Brain,Ghostpoet,Some Say I So I Say Light,PIAS
bytefm-am-morgen,2020-03-01,Flaming Star,Elvis Presley,Elvis Sings Flaming Star,RCA Camden
bytefm-am-morgen,2020-03-01,Jazire (Isolée Remix),Amberoom,Jazire (Isolée Remix) (Single),TAU
bytefm-am-morgen,2020-03-01,Show Me More,Girl Ray,Show Me More (Single),Moshi Moshi
bytefm-am-morgen,2020-03-01,Ihr Kleines Herz,Mutter,Text Und Musik,Clouds Hill
bytefm-am-morgen,2020-03-01,Howl,Alexandra Savior,Howl (Single),30th Century Records
bytefm-am-morgen,2020-03-01,Overload,Georgia Anne Muldrow,Overload,Brainfeeder
bytefm-am-morgen,2020-03-01,Im Park und im Café,Die Wände,Im Park und im Café (Single),Späti Palace
bytefm-am-morgen,2020-03-01,Fauxbang,IVA,IVA EP,Other People
bytefm-am-morgen,2020-03-02,Room Temperature,Faye Webster,Room Temperature (Single),Secretly Canadian
bytefm-am-morgen,2020-03-02,Groove It Out,LoneLady,Groove It Out (Single),Warp
bytefm-am-morgen,2020-03-02,Sekundenschlaf (Feat. Peter Fox),Marteria,Zum Glück In Die Zukunft,Four
bytefm-am-morgen,2020-03-02,Vérité,Claire Laffut,Mojo EP,Universal
bytefm-am-morgen,2020-03-02,Talk Like That,The Presets,Apocalypso,Modular
bytefm-am-morgen,2020-03-02,Freiburg v3.0,Tocotronic VS Console,Wir L’age D’or Compilation,Lado
bytefm-am-morgen,2020-03-02,Come Get Me,Stephen Malkmus,Groove Denied,Domino
bytefm-am-morgen,2020-03-02,The Time Is Right For Love (45 Swing-O Remix),Gizelle Smith & The Mighty Mocambos,Seven Heven,BBE
bytefm-am-morgen,2020-03-02,Mashena,The Scorpios,Mashena,Samha | Mashena | Samha
bytefm-am-morgen,2020-03-02,Crying,TV On The Radio,Dear Science,4AD
bytefm-am-morgen,2020-03-02,Bitte Gehen Sie Weiter,Dauerfisch,Tausend Ganz Legale Steuertricks,Bungalow
bytefm-am-morgen,2020-03-02,Butterflycatcher,Arms & Sleepers,Black Paris 86,Expect Candy
bytefm-am-morgen,2020-03-02,Jeeper Creeper,Sinkane,Mars,City Slang
bytefm-am-morgen,2020-03-02,Sing To Me,Emika,Searching,Ninja Tune
bytefm-am-morgen,2020-03-02,I Bow Down,Pixx,I Bow Down (Single),4AD
bytefm-am-morgen,2020-03-02,Dip. Dap.,Siriusmo,Pearls & Embarrassments,Monkeytown
bytefm-am-morgen,2020-03-02,Mr Blue Sky,Mayer Hawthorne,Impressions - The Covers EP,Stones Throw
bytefm-am-morgen,2020-03-02,Humming Man,Men I Trust,Humming Man,Return To Analog
bytefm-am-morgen,2020-03-02,My Propeller,Arctic Monkeys,Humbug,Domino
bytefm-am-morgen,2020-03-02,Desert Man,Rooftop Runners,Alluvium,Motor Music
bytefm-am-morgen,2020-03-02,Rendezvous (Instrumental),Jazzanova,The Space In Between Vol. 16,Sonar Kollektiv
bytefm-am-morgen,2020-03-02,You've Got A Woman (Lion Cover),Whitney,You’ve Got A Woman (Lion Cover) (Single),Secretly Canadian
bytefm-am-morgen,2020-03-02,Miete Strom Gas,Die Tueren,Exoterik,Staatsakt
bytefm-am-morgen,2020-03-02,I See Red,Frida,Something's Going On,Polar Music
bytefm-am-morgen,2020-03-02,Blue Velvet,Childhood,Lacuna,PIAS
bytefm-am-morgen,2020-03-02,I See The White,Jess Williamson,Cosmic Wink,Mexican Summer
bytefm-am-morgen,2020-03-02,Alles Was Du Verlierst,Die Regierung,Was,Staatsakt
bytefm-am-morgen,2020-03-02,Rock Your Baby,Emerson Kitamura & MMM,The Countryside Is Great EP,EM Records
bytefm-am-morgen,2020-03-02,Call It Off,Shamir,Call It Off,XL
bytefm-am-morgen,2020-03-02,Rest Of Our Lives,Dum Dum Girls,I Will Be,Sub Pop
bytefm-am-morgen,2020-03-02,Lean On Me,Bill Withers,Best Of Bill Withers: Lean On Me,Columbia
bytefm-am-morgen,2020-03-02,Pink Slime,Ariel Pink's Haunted Graffiti,Mature Themes,4AD
bytefm-am-morgen,2020-03-02,(Sittin' On) The Dock Of The Bay,Otis Redding,The Stax Story: The Hits,Stax
bytefm-am-morgen,2020-03-02,Looking For Love,Chromatics,Looking For Love,Italians Do It Better
bytefm-am-morgen,2020-03-03,Der Sommer in die Stadt wird fahren,Die Sterne,Die Sterne,PIAS
bytefm-am-morgen,2020-03-03,God Has A Voice...,CocoRosie,God Has a Voice...,Touch And Go
bytefm-am-morgen,2020-03-03,Giovanni,Jamila Woods,Giovanni (Single),Jagjaguwar
bytefm-am-morgen,2020-03-03,Heart And A Month Ago,Paula & Karol,Whole Again,Lado Abc
bytefm-am-morgen,2020-03-03,I Want You So Bad,Orion,I Want You So Bad (Single),Italians Do It Better
bytefm-am-morgen,2020-03-03,Next Time You See Me,Jr. Parker,The Long Kiss Goodnight (Soundtrack),MCA
bytefm-am-morgen,2020-03-03,Past Perfect,Wild Beasts,Present Tense,Domino
bytefm-am-morgen,2020-03-03,Autogrill,Euroteuro,Vol. 1,Siluh
bytefm-am-morgen,2020-03-03,Club Bob Needed More Sex Drugs,Suff Daddy,Probably Broccoli,Club Bob Needed More Sex Drugs (Single) | Jakarta Records
bytefm-am-morgen,2020-03-03,Don't Let Get You Down,Wajatta,Don't Let Get You Down (Single),Brainfeeder
bytefm-am-morgen,2020-03-03,Do You Remember,Chance The Rapper,Do You Remember,self-released
bytefm-am-morgen,2020-03-03,Cellular,King Krule,Man Alive!,XL Recordings
bytefm-am-morgen,2020-03-03,That Don't Mean,TrueMendous,That Don't Mean (Single),True Focus Records
bytefm-am-morgen,2020-03-03,Lick in Heaven,Jessy Lanza,Lick in Heaven (Single),Hyperdub
bytefm-am-morgen,2020-03-03,Symbol,Adrianne Lenker,Abysskiss,Saddle Creek
bytefm-am-morgen,2020-03-03,Underwater Lady [Feat. Kirsty Hawkshaw],Harmonic 33,Extraordinary People,Alphabet Zoo
bytefm-am-morgen,2020-03-03,Clocks,Coldplay,A Rush Of Blood To The Head,Parlophone
bytefm-am-morgen,2020-03-03,Waiting For Grace (feat. Laetitia Sadier),Marker Starling,Waiting For Grace (Single),Tin Angel Records
bytefm-am-morgen,2020-03-03,Salt & Pepper,Dope Lemon,Smooth Big Cat,BMG
bytefm-am-morgen,2020-03-03,For The Season,Clinic,Free Reign,Domino
bytefm-am-morgen,2020-03-03,In The Air,Allah-Las,Lahs,Mexican Summer
bytefm-am-morgen,2020-03-03,Heads Will Roll,Yeah Yeah Yeahs,It's Blitz,Polydor
bytefm-am-morgen,2020-03-03,Due West,Kelsey Lu,Blood,Columbia
bytefm-am-morgen,2020-03-03,Kiss My Lips (feat. Princess Chelsea),Jonathan Bree,Kiss My Lips (Single),Jonathan Bree
bytefm-am-morgen,2020-03-03,Crumbs Off The Table (Feat. Aaron Livingston),RJD2,The Colossus,R J Electrical Connections
bytefm-am-morgen,2020-03-03,No Black In The Union Jack,Ebony Bones,Nephilim,1984 Records
bytefm-am-morgen,2020-03-03,You Got Me,Scuba,Triangulation,Hotflush
bytefm-am-morgen,2020-03-03,How Much,Tiny Ruins,How Much (Single),Marathon Artists
bytefm-am-morgen,2020-03-03,With Every Heartbeat (Featuring Robyn),Kleerup,Kleerup,Virgin
bytefm-am-morgen,2020-03-03,Good Life (Radio Edit),Delphic,Good Life,Universal
bytefm-am-morgen,2020-03-03,Antelope,Diagrams,Black Light,Full Time Hobby
bytefm-am-morgen,2020-03-03,Um raus zu sein,Moritz Krämer,Ich hab einen Vertrag unterschreiben 1&2,Tapete
bytefm-am-morgen,2020-03-03,Terrorize My Heart (Disco Dub),79.5,,
bytefm-am-morgen,2020-03-03,Let U Go (DJ Asparagus Remix),Hygher Baby,The Heart,Tokyo Dawn
bytefm-am-morgen,2020-03-04,Natural,Julia Shapiro,Perfect Vision,Hardly Art
bytefm-am-morgen,2020-03-04,Rip It Up,Orange Juice,Rip It Up,Domino
bytefm-am-morgen,2020-03-04,Only Heather,Wild Nothing,Nocturne,Coop
bytefm-am-morgen,2020-03-04,Was das was das,Erregung öffentlicher Erregung,TNG,Euphorie
bytefm-am-morgen,2020-03-04,Beacon,Two Door Cinema Club,Beacon,Cooperative
bytefm-am-morgen,2020-03-04,Body,Julia Jacklin,Crushing,Pias | Transgressive
bytefm-am-morgen,2020-03-04,Unwind Yourself,Marva Whitney,James Brown's Original Funky Divas,Universal
bytefm-am-morgen,2020-03-04,Hold On (Feat. Amber Coffman),Rusko,Hold On,Mad Decent | Downtown Music
bytefm-am-morgen,2020-03-04,Fast Slow Disco,St. Vincent,Fast Slow Disco (Single),Loma Vista Recordings
bytefm-am-morgen,2020-03-04,Flashlight (Original) [Feat. Hygher Baby],Waxolutionists,We Paint Colors,Sunshine Enterprises
bytefm-am-morgen,2020-03-04,Holly,Karies,Alice,This Charming Man
bytefm-am-morgen,2020-03-04,Triangle Walks (Rex The Dog Remix),Fever Ray,Triangle Walks,Rabid Records
bytefm-am-morgen,2020-03-04,Devil And The Deed,Yeasayer,Fragrant World,Mute
bytefm-am-morgen,2020-03-04,All I Need,Air,Moon safari,Source Records
bytefm-am-morgen,2020-03-04,Old Town,Say Sue Me,Where We Were Together,Damnably
bytefm-am-morgen,2020-03-04,Giving Up,Whitney,Giving Up (Single),Secretly Canadian
bytefm-am-morgen,2020-03-04,Will Do,TV On The Radio,Nine Types Of Light,Interscope
bytefm-am-morgen,2020-03-04,I Saw The Light,Todd Rundgren,SomethingAnything?,Anything? | Rhino
bytefm-am-morgen,2020-03-04,Delorean Dynamite,Todd Terje,Delorean Dynamite (Single),Olsen Records
bytefm-am-morgen,2020-03-04,Printemps,Dolphins,Fountains,Black Verb Records
bytefm-am-morgen,2020-03-04,Change (Feat. Lupe Fiasco),Joy Denalane,Born & Raised,Nesola
bytefm-am-morgen,2020-03-04,Sozialisiert in der BRD,Botschaft,Sozialisiert in der BRD (Single),Kleine Untergrund Schallplatten
bytefm-am-morgen,2020-03-04,Luminance,The Micronaut,Panorama,Acker Records
bytefm-am-morgen,2020-03-04,Dieser Mann,Ryo Takeda,Grünes Rauschen,Zughafen
bytefm-am-morgen,2020-03-04,Ottolenghi (feat. Jordan Rakei),Loyle Carner,Ottolenghi (Single),AMF
bytefm-am-morgen,2020-03-04,Coney Island Getaway,Joel Sarakula,Love Club,Légère Recordings
bytefm-am-morgen,2020-03-04,Reason In Disguise (feat. Jorja Smith),Ezra Collective,Reason In Disguise (Single),Enter The Jungle Records
bytefm-am-morgen,2020-03-04,Another Chance,My Brightest Diamond,A Million And One,Rhyme & Reason Records
bytefm-am-morgen,2020-03-04,Pretty Ugly,Tierra Whack,Whack World,Tierra Whack
bytefm-am-morgen,2020-03-04,Mammagamma,The Alan Parsons Project,The Collection,Sony Music
bytefm-am-morgen,2020-03-04,Deployed (feat. Little Dragon),Sir Was,Deployed (Single),Memphis Industries
bytefm-am-morgen,2020-03-04,Nobody,Mitski,Be The Cowboy,Dead Oceans
bytefm-am-morgen,2020-03-04,Grow,Delorean,Subiza,True Panther Sounds
bytefm-am-morgen,2020-03-04,Swept Away,The XX,Coexist,Young Turks
bytefm-am-morgen,2020-03-06,Tried,Badbadnotgood & Little Dragon,Tried (Single),Ninja Tune
bytefm-am-morgen,2020-03-06,Dein Programm,Jens Friebe,Nackte Angst Zieh Dich An Wir Gehen Aus,
bytefm-am-morgen,2020-03-06,Wildest Moments (Radio Edit),Jessie Ware,Wildest Moments,Universal
bytefm-am-morgen,2020-03-06,Hello,Parek & Singh,Science City,Peacefrog
bytefm-am-morgen,2020-03-06,We Are Ghosts,Get Well Soon,Vexations,City Slang
bytefm-am-morgen,2020-03-06,This Is How We Walk On The Moon,José González,Master Mix: Red Hot + Arthur Russell,Yep Roc
bytefm-am-morgen,2020-03-06,In In In,Zebra Katz,In In In (Single),ZFK Records
bytefm-am-morgen,2020-03-06,Worries (Feat. Dwele),Robert Glasper Experiment,Black Radio 2,Blue Note
bytefm-am-morgen,2020-03-06,Daily Driver,Black Marble,Bigger Than Life,Sacred Bones
bytefm-am-morgen,2020-03-06,Behold These Days (Berlin '74),Jazzanova,The Space In Between Vol. 16,Sonar Kollektiv
bytefm-am-morgen,2020-03-06,Edmonton,Benjamin Clementine,Glorious You,Universal
bytefm-am-morgen,2020-03-06,Mshini Wam (BBQ Remix),Spoek Mathambo,Mshini Wam bw Gwababa (Don't Be Scared),w Gwababa (Don't Be Scared) | BBE
bytefm-am-morgen,2020-03-06,Fruchtalarm (Wighnomys Obstkokktailie),Herb LF,Farside 1.0,Farside
bytefm-am-morgen,2020-03-06,Heart In Your Heartbreak,The Pains Of Being Pure At Heart,Belong,PIAS
bytefm-am-morgen,2020-03-06,You Can't Fight It (Original Remastered Version),Jimmy Chambers,You Can't Fight It (Single),Fly By Night Music
bytefm-am-morgen,2020-03-06,Crepuscular Child,The Proper Ornaments,Six Lenins,Tapete
bytefm-am-morgen,2020-03-06,Nothing's Changed,Tricky,False Idols,False Idols
bytefm-am-morgen,2020-03-06,Water Me Down,Vagabon,Water Me Down (Single),Nonesuch
bytefm-am-morgen,2020-03-06,Tabula Rasa (Feat. Gentleman) (Mellow Mix),Mellowbag & Freundeskreis,Tabula Rasa,Downbeat | WEA
bytefm-am-morgen,2020-03-06,Guess,Alabama Shakes,Sound & Color,Rough Trade
bytefm-am-morgen,2020-03-06,Maschinerie,SAM,SAM,Chimperator
bytefm-am-morgen,2020-03-06,Catch,Dana Gavanski,Catch 7,Full Time Hobby
bytefm-am-morgen,2020-03-06,Nobody Knows,J. Roddy Walston & The Business,Essential Tremors,PIAS
bytefm-am-morgen,2020-03-06,Magnolia,Lee Fields & The Expressions,Emma Jean,Truth & Soul
bytefm-am-morgen,2020-03-06,untitled 03 | 05.28.2013.,Kendrick Lamar,untitled unmastered.,Aftermath
bytefm-am-morgen,2020-03-06,Initiative,Shopping,All Or Nothing,Fat Cat
bytefm-am-morgen,2020-03-06,Slumlord,Baxter Dury,Slumlord (Single),PIAS | Le Label
bytefm-am-morgen,2020-03-06,Clay,Echo & The Bunnymen,Porcupine,Sire
bytefm-am-morgen,2020-03-06,Ricochet,Sons,Family Dinner,Caroline Benelux
bytefm-am-morgen,2020-03-06,I Feel Alive,Tops,I Feel Alive (Single),Musique Tops
bytefm-am-morgen,2020-03-06,Take Care In Your Dreams,Tindersticks,No Treasure But Hope,City Slang
bytefm-am-morgen,2020-03-06,Personal Ad,Homeboy Sandman,Hallways,Stones Throw
bytefm-am-morgen,2020-03-06,Renaissance,IAM,... IAM,Def Jam
bytefm-am-morgen,2020-03-06,Bedda At Home,Jill Scott,Message Soul,Trikont
bytefm-am-morgen,2020-03-07,Scare You,IAMDDB,Kare Package,Union IV Recordings
bytefm-am-morgen,2020-03-07,Shuffle A Dream,Little Dragon,Ritual Union,Peacefrog
bytefm-am-morgen,2020-03-07,Heart Of Life,Marching Church,Telling It Like It Is,Sacred Bones Records
bytefm-am-morgen,2020-03-07,Breezeblocks,Alt-J,An Awesome Wave,Infectious|PIAS
bytefm-am-morgen,2020-03-07,Narcissus,Roisin Murphy,Narcissus (Single),Mickey Murphy's Daughter Limited | BMG
bytefm-am-morgen,2020-03-07,Whatever Lola Wants,Sarah Vaughan,Verve Unmixed 2,Verve
bytefm-am-morgen,2020-03-07,Shooting Stars,Bag Raiders,Bag Raiders,Universal
bytefm-am-morgen,2020-03-07,Move (Atjazz Remix),Zara McFarlane,Move (Single),Brownswood Recordings
bytefm-am-morgen,2020-03-07,More,Sorry,More (Single),Domino
bytefm-am-morgen,2020-03-07,Last Sniff (feat. MF Doom),Wilma Archer,Last Sniff (Single),Domino
bytefm-am-morgen,2020-03-07,I,Kendrick Lamar,I (Single),Aftermath | Interscope
bytefm-am-morgen,2020-03-07,Dancing Gold,Wargirl,Dancing Gold (Single),Clouds Hill
bytefm-am-morgen,2020-03-07,Extend The Song (feat. Laetitia Sadier),Von Spar,Extend The Song (feat. Laetitia Sadier) (Single),Bureau B
bytefm-am-morgen,2020-03-07,Wheel Of Fortune,Memoriez,Wheel Of Fortune (Single),Bloodstream
bytefm-am-morgen,2020-03-07,Western Questions,Timber Timbre,"Sincerely, Future Pollution",City Slang
bytefm-am-morgen,2020-03-07,Hljóma Þú,Samaris,Eponymous,One Little Indian
bytefm-am-morgen,2020-03-07,Holla,Colonel Red,The Boogie Volume 2,Tokyo Dawn
bytefm-am-morgen,2020-03-07,John J. Audubon,Anathallo,Canopy Glow,Anticon
bytefm-am-morgen,2020-03-07,Regimen,Masok,The Bigger The Risk,Raw Tapes
bytefm-am-morgen,2020-03-07,Rainkist,Dark Sky,Imagin,Monkeytown
bytefm-am-morgen,2020-03-07,Streetwalker,Delta Spirit,Ode To Sunshine,Rounder Records
bytefm-am-morgen,2020-03-07,What Moves,LA Priest,Gene,Domino
bytefm-am-morgen,2020-03-07,Smile,Jamiroquai,Smile,free download | http:||www.jamiroquai.com
bytefm-am-morgen,2020-03-07,On The Regular,Shamir,On The Regular,XL
bytefm-am-morgen,2020-03-07,Bugaboo,Hunney Pimp,Chicago Baby,Phat Penguin
bytefm-am-morgen,2020-03-07,Luchini (A.K.A. This Is It),Camp Lo,Uptown Saturday Night,Profile
bytefm-am-morgen,2020-03-07,It Makes You Forget (Itgehane),Peggy Gou,It Makes You Forget (Itgehane) (Single),Ninja Tune
bytefm-am-morgen,2020-03-07,O Sole Mio Funk,Cassandra Wilson,Another Country,Neo Membran | Sony
bytefm-am-morgen,2020-03-07,Trippin,Polica,Shulamith,Memphis Industries
bytefm-am-morgen,2020-03-07,Wild Honey,Hugh Laurie,Didn't It Rain,Warner
bytefm-am-morgen,2020-03-07,Slingshot (Truth Remix),The Black Seeds,The Specials,The Black Seeds
bytefm-am-morgen,2020-03-07,Cigarettes In The Theatre,Two Door Cinema Club,Tourist History,Kitsuné
bytefm-am-morgen,2020-03-07,Graduate And Congratulate,Stove,Greatest Hits,Exploding In Sound Records
bytefm-am-morgen,2020-03-07,99 Glimpses,Sofie,99 Glimpses (Single),Stones Throw
bytefm-am-morgen,2020-03-08,No Idol,DJ Haram,Grace,Hyperdub
bytefm-am-morgen,2020-03-08,Third Of May,Fleet Foxes,Third Of May,Odaigahara | Nonesuch
bytefm-am-morgen,2020-03-08,Mind Mischief,Tame Impala,Lonerism,Modular
bytefm-am-morgen,2020-03-08,Natural,Nov3l,Natural,To Whom It May Concern (Single) | Meat Machine
bytefm-am-morgen,2020-03-08,Fall From Grace (Feat. Catherine Pockson),Maya Jane Coles,Comfort,I|AM|ME
bytefm-am-morgen,2020-03-08,Old Friend,Future Islands,Wave Like Home,Upset The Rhythm
bytefm-am-morgen,2020-03-08,Boss,Little Simz,Grey Area,Age 101
bytefm-am-morgen,2020-03-08,Where I'm From (Feat. Aloe Blacc),MED,Classic,Stones Throw
bytefm-am-morgen,2020-03-08,Everything Apart,Foxwarren,Foxwarren,Anti
bytefm-am-morgen,2020-03-08,Your Easy Lovin' Ain't Pleasin' Nothin',Mayer Hawthorne,A Strange Arrangement,Stones Throw
bytefm-am-morgen,2020-03-08,2 Good 2 Be True,Nite Jewel,Real High,Gloriette Records
bytefm-am-morgen,2020-03-08,More Than Ever,Zoot Woman,Things Are What They Used To Be,Universal | Irascible
bytefm-am-morgen,2020-03-08,It's A Kiss,Jamie Lidell,Compass,Warp
bytefm-am-morgen,2020-03-08,Hazel Street,Alela Diane,About Farewell,Believe Digital
bytefm-am-morgen,2020-03-08,The Hit Song,DJ Format,Music for the Mature B-Boy,Genuine
bytefm-am-morgen,2020-03-08,Getaway,Dr. John,Locked Down,Nonesuch
bytefm-am-morgen,2020-03-08,OMG,Sampa The Great,The Return,Ninja Tune
bytefm-am-morgen,2020-03-08,Take Five,The Dave Brubeck Quartet,Time Out,Columbia
bytefm-am-morgen,2020-03-08,Foot Of The Hill,Boxed In,Boxed In,Nettwerk
bytefm-am-morgen,2020-03-08,Let In The Light,Moderat,II,Monkeytown
bytefm-am-morgen,2020-03-08,Please Release Me,The Proper Ornaments,Six Lenins,Tapete
bytefm-am-morgen,2020-03-08,The Game Gets Old,Sharon Jones & The Dap-Kings,I Learned The Hard Way,Daptone
bytefm-am-morgen,2020-03-08,Temptation,Rascalz,Cash Crop,BMG
bytefm-am-morgen,2020-03-08,Zero,Moon Duo,Shadow Of The Sun,Sacred Bones
bytefm-am-morgen,2020-03-08,Flourish (feat. Angel Bat Dawid),A. Billi Free,I Luma,Tokyo Dawn Records
bytefm-am-morgen,2020-03-08,Der Bär,Die Sterne,Flucht In Die Flucht,
bytefm-am-morgen,2020-03-08,Something New,Babe Rainbow,Today,30th Century Records
bytefm-am-morgen,2020-03-08,Far Away,Jessie Reyez,Far Away (Single),Island Records
bytefm-am-morgen,2020-03-08,I Drive,Lower Dens,The Competition,Ribbon Music
bytefm-am-morgen,2020-03-08,Two Fools,Francine King,New Orleans Soul: The Original Sound of New Orleans Soul 1966-76,00000000 00000210 000007A4
bytefm-am-morgen,2020-03-08,Before The Storm,J. Baracuz,Counter Future - A Sound Exposure Vol. 3,Equinox Records
bytefm-am-morgen,2020-03-08,Who Cares?,Owen,L'Ami Du Peuple,Polyvinyl Records
bytefm-am-morgen,2020-03-08,What We Done?,Austra,Olympia,Domino | GoodToGo
bytefm-am-morgen,2020-03-09,No Idol,DJ Haram,Grace,Hyperdub
bytefm-am-morgen,2020-03-09,Third Of May,Fleet Foxes,Third Of May,Odaigahara | Nonesuch
bytefm-am-morgen,2020-03-09,Mind Mischief,Tame Impala,Lonerism,Modular
bytefm-am-morgen,2020-03-09,Natural,Nov3l,Natural,To Whom It May Concern (Single) | Meat Machine
bytefm-am-morgen,2020-03-09,Fall From Grace (Feat. Catherine Pockson),Maya Jane Coles,Comfort,I|AM|ME
bytefm-am-morgen,2020-03-09,Old Friend,Future Islands,Wave Like Home,Upset The Rhythm
bytefm-am-morgen,2020-03-09,Boss,Little Simz,Grey Area,Age 101
bytefm-am-morgen,2020-03-09,Where I'm From (Feat. Aloe Blacc),MED,Classic,Stones Throw
bytefm-am-morgen,2020-03-09,Everything Apart,Foxwarren,Foxwarren,Anti
bytefm-am-morgen,2020-03-09,Your Easy Lovin' Ain't Pleasin' Nothin',Mayer Hawthorne,A Strange Arrangement,Stones Throw
bytefm-am-morgen,2020-03-09,2 Good 2 Be True,Nite Jewel,Real High,Gloriette Records
bytefm-am-morgen,2020-03-09,More Than Ever,Zoot Woman,Things Are What They Used To Be,Universal | Irascible
bytefm-am-morgen,2020-03-09,It's A Kiss,Jamie Lidell,Compass,Warp
bytefm-am-morgen,2020-03-09,Hazel Street,Alela Diane,About Farewell,Believe Digital
bytefm-am-morgen,2020-03-09,The Hit Song,DJ Format,Music for the Mature B-Boy,Genuine
bytefm-am-morgen,2020-03-09,Getaway,Dr. John,Locked Down,Nonesuch
bytefm-am-morgen,2020-03-09,OMG,Sampa The Great,The Return,Ninja Tune
bytefm-am-morgen,2020-03-09,Take Five,The Dave Brubeck Quartet,Time Out,Columbia
bytefm-am-morgen,2020-03-09,Foot Of The Hill,Boxed In,Boxed In,Nettwerk
bytefm-am-morgen,2020-03-09,Let In The Light,Moderat,II,Monkeytown
bytefm-am-morgen,2020-03-09,Please Release Me,The Proper Ornaments,Six Lenins,Tapete
bytefm-am-morgen,2020-03-09,The Game Gets Old,Sharon Jones & The Dap-Kings,I Learned The Hard Way,Daptone
bytefm-am-morgen,2020-03-09,Temptation,Rascalz,Cash Crop,BMG
bytefm-am-morgen,2020-03-09,Zero,Moon Duo,Shadow Of The Sun,Sacred Bones
bytefm-am-morgen,2020-03-09,Flourish (feat. Angel Bat Dawid),A. Billi Free,I Luma,Tokyo Dawn Records
bytefm-am-morgen,2020-03-09,Der Bär,Die Sterne,Flucht In Die Flucht,
bytefm-am-morgen,2020-03-09,Something New,Babe Rainbow,Today,30th Century Records
bytefm-am-morgen,2020-03-09,Far Away,Jessie Reyez,Far Away (Single),Island Records
bytefm-am-morgen,2020-03-09,I Drive,Lower Dens,The Competition,Ribbon Music
bytefm-am-morgen,2020-03-09,Two Fools,Francine King,New Orleans Soul: The Original Sound of New Orleans Soul 1966-76,00000000 00000210 000007A4
bytefm-am-morgen,2020-03-09,Before The Storm,J. Baracuz,Counter Future - A Sound Exposure Vol. 3,Equinox Records
bytefm-am-morgen,2020-03-09,Who Cares?,Owen,L'Ami Du Peuple,Polyvinyl Records
bytefm-am-morgen,2020-03-09,What We Done?,Austra,Olympia,Domino | GoodToGo
bytefm-am-morgen,2020-03-10,Cool Off,Missy Elliott,Iconology,Atlantic
bytefm-am-morgen,2020-03-10,Allure,Daily Bread,Iterum,Excelsior Records
bytefm-am-morgen,2020-03-10,Face 2 Face,Silk Rhodes,Silk Rhodes,Stones Throw
bytefm-am-morgen,2020-03-10,Smile,Lily Allen,"Alright, Still",EMI
bytefm-am-morgen,2020-03-10,Play On,The Hempolics,Play On (Single),Zee Zee Records
bytefm-am-morgen,2020-03-10,Ghosts Of Berlin,Andrea Schroeder,Where The Wild Oceans End,Glitterhouse Records
bytefm-am-morgen,2020-03-10,Arrows,The Dead Trees,Whatwave,Affairs Of The Heart
bytefm-am-morgen,2020-03-10,I Feel So Wrong,Sleaford Mods,English Tapas,Rough Trade
bytefm-am-morgen,2020-03-10,You Are,Isolée,Candy Apple Red,Maeve
bytefm-am-morgen,2020-03-10,Gbim Gbim,JazzZ,Yummy Vibes,Tokyo Dawn Records
bytefm-am-morgen,2020-03-10,All Things Pass,The Jesus And Mary Chain,Damage And Joy,Artificial Plastic
bytefm-am-morgen,2020-03-10,Texas Sun,Khruangbin & Leon Bridges,Texas Sun (Single),Dead Oceans|Columbia
bytefm-am-morgen,2020-03-10,The Foundation (feat. Cola Boyy),Nicolas Godin,The Foundation (Single),Because Music|Caroline International|Universal
bytefm-am-morgen,2020-03-10,Obama,Mighty Duke & The Lords,Caribbean Rollerama,Bamboo HQ
bytefm-am-morgen,2020-03-10,I'll Quit Tomorrow,Dawg Yawp,Dawg Yawp,Old Flame Records
bytefm-am-morgen,2020-03-10,Sugar,Ben Westbeech,There's More To Life Than This,Strictly Rhythm
bytefm-am-morgen,2020-03-10,Wandering Star (Radio Edit),Bomb The Bass,Wandering Star EP,O*Solo Recordings
bytefm-am-morgen,2020-03-10,Bad Feeling,Benin City,What A Time,Moshi Moshi
bytefm-am-morgen,2020-03-10,Darling,Real Estate,Darling (Single),Domino
bytefm-am-morgen,2020-03-10,Ohne Regen Kein Regenbogen (Feat. Fettes Brot),Station 17,Goldstein Variationen,17rec.
bytefm-am-morgen,2020-03-10,Nice Guys,Easy Life,Nice Guys (Single),Universal
bytefm-am-morgen,2020-03-10,Toulouse,Is Tropical,I'm Leaving,Ktisuné
bytefm-am-morgen,2020-03-10,Tell Me More And More And Then Some,Nina Simone,Ne Me Quitte Pas,Philips
bytefm-am-morgen,2020-03-10,Still,Noah Slee,Still (Single),Havelu Records
bytefm-am-morgen,2020-03-10,Little Numbers,Boy,Mutual Friends,Grönland Records
bytefm-am-morgen,2020-03-10,Lowdown,Crowd Company,Lowdown (Single),Vintage League Music
bytefm-am-morgen,2020-03-10,Hysteric,Yeah Yeah Yeahs,It's Blitz,Polydor
bytefm-am-morgen,2020-03-10,I Couldn't Say It To Your Face,Arthur Russell,Love Is Overtaking Me,Rough Trade
bytefm-am-morgen,2020-03-10,Where Are Your People (Album Version),We Have Band,Where Are Your People? (Single),Naive
bytefm-am-morgen,2020-03-10,Brujeria (Robot Koch vs Graciela Maria),Robot Koch,Songs For Trees And Cyborgs,Project: Mooncircle
bytefm-am-morgen,2020-03-10,Roll Up Your Sleeves,We Were Promised Jetpacks,These Four Walls,FatCat Records
bytefm-am-morgen,2020-03-10,Ubu,Methyl Ethel,Ubu (Single),4AD
bytefm-am-morgen,2020-03-10,Cig Angel,Galcher Lustwerk,Information,Ghostly International
bytefm-am-morgen,2020-03-10,The Fire (Feat. John Legend),The Roots,How I Got Over,Def Jam
bytefm-am-morgen,2020-03-10,Solace,Hundreds,Hundreds,Sinnbus
bytefm-am-morgen,2020-03-11,Waiting 4 You,Steve Spacek,Houses,Black Focus
bytefm-am-morgen,2020-03-11,Disorderly,Baths,VANS OTW PRESENTS: What's Good LA?,Anticon
bytefm-am-morgen,2020-03-11,Follow The Lines,Blood Red Shoes,Fire Like This,Cooperative
bytefm-am-morgen,2020-03-11,New Thought New Eyes,Forest Law,New Thought New Eyes (Single),Brownswood
bytefm-am-morgen,2020-03-11,Walking After Midnight,Patsy Cline,The Essential Collection,Spectrum Music
bytefm-am-morgen,2020-03-11,Jaded,Lone,Reality Testing,R&S Records
bytefm-am-morgen,2020-03-11,Last Of The Boys,Pink Shabab,Ema By The Sea,Karaoke Kalk
bytefm-am-morgen,2020-03-11,I Stand Corrected,Vampire Weekend,Vampire Weekend,XL Recordings
bytefm-am-morgen,2020-03-11,Changes,No Vacation,Phasing,Topshelf
bytefm-am-morgen,2020-03-11,This Castle Of Me,Ghost Capsules,Ghost Capsules,O*Solo Recordings
bytefm-am-morgen,2020-03-11,Home Chds,Lee Ranaldo And The Dust,Last Night On Earth,Matador
bytefm-am-morgen,2020-03-11,Cheap And Cheerful,The Kills,Midnight Boom,Domino
bytefm-am-morgen,2020-03-11,After The Afterlife,CocoRosie,After The Afterlife (Single),City Slang
bytefm-am-morgen,2020-03-11,Happy Pills,Norah Jones,Little Broken Hearts,Blue Note | EMI
bytefm-am-morgen,2020-03-11,Just A Cloud (Feat. Vilja Larjosto),Lusine,Sensorimotor,Ghostly International
bytefm-am-morgen,2020-03-11,Never Come Back,Caribou,Never Come Back (Single),Merge
bytefm-am-morgen,2020-03-11,Please Forgive My Heart,Bobby Womack,The Bravest Man In The Universe,XL Recordings
bytefm-am-morgen,2020-03-11,Don't Stop Til You Get Enough,Michael Jackson,Off The Wall,Epic
bytefm-am-morgen,2020-03-11,Needs,THEESatisfaction,awE naturalE,Sub Pop
bytefm-am-morgen,2020-03-11,10:51 PM  The Night (feat. Berwyn & Maria Somerville),Everything Is Recorded,10:51,The Night (Single) | XL Recordings
bytefm-am-morgen,2020-03-11,Talons (Acoustic Version),Bloc Party,Talons Remixes,Wichita
bytefm-am-morgen,2020-03-11,For Erin,Gravenhurst,Offerings: Lost Songs 2000-2004,
bytefm-am-morgen,2020-03-11,Grab As Much (As You Can),The Black Angels,Death Song,Partisan
bytefm-am-morgen,2020-03-11,Today (feat. Tirzah),Mura Masa,R.Y.C.,Polydor
bytefm-am-morgen,2020-03-11,Concrete Pony,Ghostpoet,Concrete Pony (Single),Ghostpoet
bytefm-am-morgen,2020-03-11,Copernicus,The Afghan Whigs,In Spades,Sub Pop
bytefm-am-morgen,2020-03-11,Brand - New - Life,Young Marble Giants,Colossal Youth,Domino
bytefm-am-morgen,2020-03-11,All About Life (Wonky Logic Remix),Bryony Jarman-Pinto,Saffron Yellow (Jesse Fischer Remix),All About Life (Wonky Logic Remix) (Single) | Tru Thoughts
bytefm-am-morgen,2020-03-11,Health Food,Berhana,Year Of The Witch,Captured Tracks
bytefm-am-morgen,2020-03-11,Sick Bug,Rolling Blackouts Coastal Fever,The French Press EP,Subpop
bytefm-am-morgen,2020-03-11,House Jam,Gang Gang Dance,Saint Dymphna,Warp
bytefm-am-morgen,2020-03-11,Take It Back,12th Floor,Take It Back,Essi | Wah Wah 45s
bytefm-am-morgen,2020-03-12,Off The Beach,Wire,Mind Hive,Pinkflag
bytefm-am-morgen,2020-03-12,Barney's Girl,Mike Ladd,Father Divine,Reachout International Records
bytefm-am-morgen,2020-03-12,Proofread,Daniel Wilson,Boy Who Cried Thunder (EP),Zap Records
bytefm-am-morgen,2020-03-12,U.N.I.T.Y.,Queen Latifah,U.N.I.T.Y.,Motown
bytefm-am-morgen,2020-03-12,Tiefseefisch,Baerchen und die Milchbubis,Und Dann Macht Es Bumm,No Fun Records
bytefm-am-morgen,2020-03-12,Beg For The Night,Twin Shadow,Confess,4AD
bytefm-am-morgen,2020-03-12,Monday Afternoon,Solander,Monochromatic Memories,Tendervision Recordings
bytefm-am-morgen,2020-03-12,Rock & Roll Is Cold,Matthew E. White,Rock & Roll Is Cold,Domino
bytefm-am-morgen,2020-03-12,Daydream,Jenny Penkin,"Him, On The Other Hand",Raw Tapes
bytefm-am-morgen,2020-03-12,Flash,Gauche,A People's History Of Gauche,Merge
bytefm-am-morgen,2020-03-12,La Ba'den,Yasmine Hamdan,Al Jamilat,Crammed Discs
bytefm-am-morgen,2020-03-12,Between The Lines (feat. Keyon Harrold & Sparkz),Ashley Henry,Between The Lines (Single),Sony
bytefm-am-morgen,2020-03-12,Personalia,"Locate S,1",Personalia,Captured Tracks
bytefm-am-morgen,2020-03-12,Dance Through It,Twin Peaks,Dance Through It,Communion Records
bytefm-am-morgen,2020-03-12,A Rolling Stone,Grace Jones,Warm Leatherette,Island
bytefm-am-morgen,2020-03-12,It’s All Over Your Body (Oddisee Remix),José James,Come To My Door,Blue Note
bytefm-am-morgen,2020-03-12,Sincerely Yours,Omni,Sincerely Yours (Single),Sub Pop
bytefm-am-morgen,2020-03-12,Stadigvæk,Rest In Beats,"Stadig med, Stadigvæk",Machinedrops Productions
bytefm-am-morgen,2020-03-12,How You Like Me Now? (Radio Edit),The Heavy,How You Like Me Now?,Counter Records
bytefm-am-morgen,2020-03-12,St Marie Under Canon,Cornershop,England Is A Garden,Ample Play
bytefm-am-morgen,2020-03-12,Ready For The Floor,Hot Chip,Made In The Dark,EMI
bytefm-am-morgen,2020-03-12,Take Care (To Comb Your Hair),Ty Segall,Ty Segall,Drag City
bytefm-am-morgen,2020-03-12,The Great Divide,Mayer Hawthorne,The Great Divide (Single),Strange Sounds
bytefm-am-morgen,2020-03-12,Fever Boy,FEMME,Debutante,Ferryhouse
bytefm-am-morgen,2020-03-12,Penalties Of Love,Sequoyah Murray,Penalties Of Love (Single),Thrill Jockey
bytefm-am-morgen,2020-03-12,Dragon's Song,Blitzen Trapper,Destroyer Of The Void,Sub Pop
bytefm-am-morgen,2020-03-12,Terminator Funk,Strange U,#LP4080,High Focus Records
bytefm-am-morgen,2020-03-12,Sittin' Pretty,The Elwins,And I Thank You,Affairs Of The Heart
bytefm-am-morgen,2020-03-12,Aht Uh Mi Hed,Shuggie Otis,Inspiration Information,Epic
bytefm-am-morgen,2020-03-12,Nothing Much Happens,Ben Lee,Breathing Tornados,EMI
bytefm-am-morgen,2020-03-12,Blood Under My Belt,The Drums,Blood Under My Belt (Single),Anti
bytefm-am-morgen,2020-03-12,Can't Go On Like This,Native Harrow,Happier Now,Loose Music
bytefm-am-morgen,2020-03-12,Acts Of Man,Midlake,The Courage Of Others,Bella Union
bytefm-am-morgen,2020-03-12,Cars,Cookin' On 3 Burners,Cars,Freestyle
bytefm-am-morgen,2020-03-13,Pangea,Kit Sebastian,Mantra Moderne,Mr Bongo
bytefm-am-morgen,2020-03-13,Never Will,Robot Koch x Rain Dog,ByteFM Kompilation Zwei,ByteFM
bytefm-am-morgen,2020-03-13,When I'm Sixty Four,Easy Star All-Stars,Film & Tv Sampler 2009,
bytefm-am-morgen,2020-03-13,25,Fieh,Cold Water Burning Skin,Universal
bytefm-am-morgen,2020-03-13,Her Eyes,Zara McFarlane,If You Knew Her,Brownswood Recordings
bytefm-am-morgen,2020-03-13,No Sensitive Man,Haley Bonar,Last War,Memphis Industries
bytefm-am-morgen,2020-03-13,I'll Be Around,Yo la Tengo,Fade,Matador
bytefm-am-morgen,2020-03-13,Gold On The Shore,Ty Segall,Twins,Drag City
bytefm-am-morgen,2020-03-13,Es kommt in Wellen,Kinderzimmer Productions,Es kommt in Wellen (Single),Groenland Records
bytefm-am-morgen,2020-03-13,If You Ever Leave,Billy Bragg,Mr. Love & Justice,Cooking Vinyl
bytefm-am-morgen,2020-03-13,White To Red,Fenster,Bones,Morr Music
bytefm-am-morgen,2020-03-13,Don't Turn Around,The Black Seeds,Dust And Dirt,Proville Records
bytefm-am-morgen,2020-03-13,Secret Door,Arctic Monkeys,Humbug,Domino
bytefm-am-morgen,2020-03-13,Follow,DIIV,Oshin,Captured Tracks
bytefm-am-morgen,2020-03-13,Fever,La Lupe,Reina De La Cancion Latina,Fania
bytefm-am-morgen,2020-03-13,Downtown,Klaus Johann Grobe,Downtown (Single),Klaus Johann Grobe
bytefm-am-morgen,2020-03-13,Svartur Galdur,El Obo,Innhverfi,Morr Music
bytefm-am-morgen,2020-03-13,Jungle,Reflekta Reflekta,Wildlife,Avantpop
bytefm-am-morgen,2020-03-13,Yellow Dandelion (feat. Georgia Anne Muldrow),Joe Armon-Jones,Yellow Dandelion (Single),Brownswood Recordings
bytefm-am-morgen,2020-03-13,Little Birdie,MissinCat,WOW,Revolver Distribution Services
bytefm-am-morgen,2020-03-13,Be Honest,Lo Fat Orchestra,The Second Word Is Love,Sounds Of Subterrania
bytefm-am-morgen,2020-03-13,Savannah,Champs,Down Like Gold,PIAS
bytefm-am-morgen,2020-03-13,Swagger,Rhi,The Pale Queen,Tru Thoughts
bytefm-am-morgen,2020-03-13,Faith,VV Brown,Samson & Delilah,Yoy Records
bytefm-am-morgen,2020-03-13,Fool's Complaint,Suzanne Vega,Tales From The Realm Of The Queen Of Pentacles,Cooking Vinyl
bytefm-am-morgen,2020-03-13,I Need A Forest Fire (Feat. Bon Iver),James Blake,The Colour In Anything,Universal
bytefm-am-morgen,2020-03-13,Two Lucky,Helado Negro,This Is How You Smile,RVNG
bytefm-am-morgen,2020-03-13,Out Of Order,Shari Vari,Now,Malka Tuti
bytefm-am-morgen,2020-03-13,Bien Réel,Peter Peter,Noir Eden,Arista France
bytefm-am-morgen,2020-03-13,Goddess,Alice Hubble,Goddess,Happy Robots Records
bytefm-am-morgen,2020-03-13,"No Blacks, No Dogs, No Irish",Skinny Pelembe,Dreaming Is Dead Now,Brownswood Recordings
bytefm-am-morgen,2020-03-13,Religion (U Can Lay Your Hands On Me),Shura,Forevher,Secretly Canadian
bytefm-am-morgen,2020-03-13,Move Systems,Georgia,,
bytefm-am-morgen,2020-03-14,Too Much Money,Automatic,Signal,Stones Throw
bytefm-am-morgen,2020-03-14,Summersun,Miami Horror,Illumination,Virgin Records
bytefm-am-morgen,2020-03-14,Making Flippy Floppy,Talking Heads,Speaking In Tongues,Rhino
bytefm-am-morgen,2020-03-14,Mountain High (Feat. Gentleman),Silly Walks Discoteque,Storms Of Life,Tete Music
bytefm-am-morgen,2020-03-14,Killer Kid,Angela Aux,In Love With The Demons,Trikont
bytefm-am-morgen,2020-03-14,Let's Push Thing's Forward,The Streets,Original Pirate Material,679 Recordings
bytefm-am-morgen,2020-03-14,Loving You Is Killing Me,Aloe Blacc,Good Things,Stones Throw
bytefm-am-morgen,2020-03-14,Track Your Mind,Jack Chosef,,
bytefm-am-morgen,2020-03-14,Kar Yagar,Derya Yildirim & Grup Simsek,Kar Yagar (Single),
bytefm-am-morgen,2020-03-14,Fall Down,Crumb,Jinx,Crumb Records
bytefm-am-morgen,2020-03-14,Body,Blind Butcher,Alawalawa,Voodoo Rhythm
bytefm-am-morgen,2020-03-14,OMG Rock n Roll,Kevin Morby,Oh My God,Dead Oceans
bytefm-am-morgen,2020-03-14,Brothers,The War On Drugs,,
bytefm-am-morgen,2020-03-14,Maybe,Half Alive,"Now, Not Yet",Half Alive | RCA
bytefm-am-morgen,2020-03-14,Cherokee,Cat Power,Sun,Matador
bytefm-am-morgen,2020-03-14,The Hours,Beach House,Bloom,Bella Union
bytefm-am-morgen,2020-03-14,Read The Books,Jahcoozi,Barefoot Wanderer,BPitch Control
bytefm-am-morgen,2020-03-14,240D,Olden Yolk,Living Theatre,Trouble in Mind
bytefm-am-morgen,2020-03-14,Two Weeks,FKA Twigs,Two Weeks,Young Turks
bytefm-am-morgen,2020-03-14,Right As Rain,Adele,19,XL Recordings
bytefm-am-morgen,2020-03-14,High,Ebow,K4L,Problembär Records
bytefm-am-morgen,2020-03-14,Solid Gold,International Pony,Mit Dir Dir Sind Wir Vier,Sony BMG
bytefm-am-morgen,2020-03-14,Everything You Never Had Pt. II,Andreya Triana,Everything You Never Had Pt. II,Counter
bytefm-am-morgen,2020-03-14,Chin Chin,Noga Erez & Echo,Chin Chin,City Slang
bytefm-am-morgen,2020-03-14,Hall Of Mirrors,Robinn,Multiphonia,Compost
bytefm-am-morgen,2020-03-14,Playground,Steve Lacy,Apollo XXI,3qtr
bytefm-am-morgen,2020-03-14,Whatcha See Is Whatcha Get,The Dramatics,The Stax Story: The Hits,Stax
bytefm-am-morgen,2020-03-14,Quiet,Mavi Phoenix,Young Prophet,LLT Records
bytefm-am-morgen,2020-03-14,Orange Shirt,Discovery,Discovery,XL Recordings
bytefm-am-morgen,2020-03-14,Super Critical,The Ting Tings,Super Critical,PIAS
bytefm-am-morgen,2020-03-14,Mercury,Vivien Glass,"Awake, My Sleeper",Vivien Glass
bytefm-am-morgen,2020-03-14,Palm Trees,Baxter Dury,It's A Pleasure,Pias
bytefm-am-morgen,2020-03-14,Raise Up,Kindness,Something Like A War,Female Energy
bytefm-am-morgen,2020-03-14,Electric Avenue,Eddy Grant,Electric Avenue 7,ICE
bytefm-am-morgen,2020-03-15,Brooklyn,Equiknoxx,Eternal Children,Equiknoxx Music
bytefm-am-morgen,2020-03-15,Poobrain,Shitkid,Shitkid EP,Pnkslm Recordings
bytefm-am-morgen,2020-03-15,No One Knows Nothing Anymore,Billy Bragg,Tooth & Nail,Cooking Vinyl
bytefm-am-morgen,2020-03-15,Japan,Tycho,Weather,Ninja Tune
bytefm-am-morgen,2020-03-15,Feeling Alright,Warpaint,Warpaint,Rough Trade
bytefm-am-morgen,2020-03-15,Hyuwee,Session Victim,See You When You Get There,Delusions Of Grandeur
bytefm-am-morgen,2020-03-15,My Guardian,Jonathan Leandoer127,Nectar,Year0001
bytefm-am-morgen,2020-03-15,Fear,Reptile Youth,Reptile Youth,hfn music
bytefm-am-morgen,2020-03-15,Projector Running,Tellavision,Add Land,Bureau B
bytefm-am-morgen,2020-03-15,Invisible Man,Adem,Takes,Domino
bytefm-am-morgen,2020-03-15,I'm An Outlaw,Kurt Vile,B'lieve I'm Goin Down…,Matador
bytefm-am-morgen,2020-03-15,Daisy,Blue Hawaii,Untogether,Arbutus Records
bytefm-am-morgen,2020-03-15,Wasted Hours,Arcade Fire,The Suburbs,City Slang
bytefm-am-morgen,2020-03-15,Pennies From Heaven,Dinah Washington,After Hours With Miss D,EmArcy
bytefm-am-morgen,2020-03-15,Insanity Clause,Betty Ford Boys,Retox,Melting Pot Music - VÖ: 28. November
bytefm-am-morgen,2020-03-15,Time,Audrey,Time (Single),Arista | Sony
bytefm-am-morgen,2020-03-15,'Till Meet Thee,Cody ChesnuTT,Landing On A Hundred,One Little Indian
bytefm-am-morgen,2020-03-15,Daylight Matters,Cate Le Bon,Reward,Mexican Summer
bytefm-am-morgen,2020-03-15,Masterswarm,Andrew Bird,Noble Beast,Cooperative
bytefm-am-morgen,2020-03-15,Supermodern Lovesong,Erneuerbare Energien,Supermodern Lovesong,Hand11
bytefm-am-morgen,2020-03-15,"Something Bigger, Something Better",Amanda Blank,I Love You,Downtown
bytefm-am-morgen,2020-03-15,Confessions,Sudan Archives,Confessions (Single),Stones Throw
bytefm-am-morgen,2020-03-15,The Cold Song,Whirlpool Productions,The Cold Song,Ladomat
bytefm-am-morgen,2020-03-15,Simple Pleasure,Josh Rouse,The Happiness Waltz,Yep Roc Records
bytefm-am-morgen,2020-03-15,Golden Brown,Bedhead,1992-1998,Numero Group
bytefm-am-morgen,2020-03-15,Black Dove (feat. Sudan Archives),Teebs,Anicca,Brainfeeder
bytefm-am-morgen,2020-03-15,Coming Down,Gena Rose Bruce,Can't Make You Love Me,Dot Dash Recordings
bytefm-am-morgen,2020-03-15,Saturday,Desire,Italians Do It Better,Ladomat
bytefm-am-morgen,2020-03-15,Boys In The Better Land,Fontaines D.C.,Dogrel,Partisan Records
bytefm-am-morgen,2020-03-15,Things,Louis Cole,Time,Brainfeeder
bytefm-am-morgen,2020-03-15,See Der Tränen,Yvon,Im Kreis Der Liebe,A Sexy Records
bytefm-am-morgen,2020-03-15,Baby You're Out,Mac DeMarco,This Old Dog,Captured Tracks
bytefm-am-morgen,2020-03-15,Are You That Somebody?,The Gossip,Listen Up!,Back Yard Recordings
bytefm-am-morgen,2020-03-15,A Room Of Prayers (Feat. Caits Meissner),Swede:art,Emotional Colors,Tokyo Dawn
bytefm-am-morgen,2020-03-16,Hero,Michael Kiwanuka,Hero,Universal
bytefm-am-morgen,2020-03-16,The Truth (Micachu Remix),Kate Tempest,Circles,Big Dada
bytefm-am-morgen,2020-03-16,Too Much Monkey Business,Chuck Berry,Early Rappers - Hipper Than Hop - The Ancestors Of Rap,Trikont
bytefm-am-morgen,2020-03-16,Motorcade,Peggy Sue,Motorcade (Single),Peggy Sue
bytefm-am-morgen,2020-03-16,Superstar (Remember How You Got Where You Are),The Temptations,The Real Thing,Motown
bytefm-am-morgen,2020-03-16,Holding Pattern,Real Estate,In Mind,Domino
bytefm-am-morgen,2020-03-16,Eggs,Wiki,Eggs (Single),Wikset Enterprises
bytefm-am-morgen,2020-03-16,The Spiral Staircase,Steve Bug,Noir,Poker Flat
bytefm-am-morgen,2020-03-16,Son Little - Hey Rose,Son Little,Invisible,Anti-
bytefm-am-morgen,2020-03-16,Trains,Wampire,Curiosity,Polyvinyl Records
bytefm-am-morgen,2020-03-16,Bashed Out,This Is The Kit,Bashed Out,Brassland
bytefm-am-morgen,2020-03-16,Wow,Beck,Wow (Single),Universal
bytefm-am-morgen,2020-03-16,Running Back,How To Dress Well,Total Loss,Domino
bytefm-am-morgen,2020-03-16,Don't Explain (dZihan And Kamien Remix),Billie Holiday,Verve Remixed,Verve
bytefm-am-morgen,2020-03-16,Bastille Day,Sun Kil Moon,Common As Light And Love Are Red Valleys Of Blood,Rough Trade
bytefm-am-morgen,2020-03-16,Häagen Dasz,Ghetto Sage,Häagen Dasz (Single),Ghetto Sage | LLC
bytefm-am-morgen,2020-03-16,Give It To The People,The Child Of Lov,The Child Of Lov,Double Six Records
bytefm-am-morgen,2020-03-16,Willie And Laura Mae Jones,Tony Joe White,Black & White,Rhino
bytefm-am-morgen,2020-03-16,California Girls,The Beach Boys,The Beach Boys: The Platinum Collection,Capitol
bytefm-am-morgen,2020-03-16,Hazy Days,Raoul Vignal,The Silver Veil,Talitres
bytefm-am-morgen,2020-03-16,Good People,Jack Johnson,In Between Dreams,Brushfire Records
bytefm-am-morgen,2020-03-16,Dirty Laundry,Danny Brown,Uknowhatimsayin,Warp
bytefm-am-morgen,2020-03-16,Everyday People,Sly & The Familiy Stone,Everyday People,Sing A Simple Song | Epic
bytefm-am-morgen,2020-03-16,Wart Mal,Clueso,Gute Musik,Four Music
bytefm-am-morgen,2020-03-16,Nackte Angst Zieh Dich An Wir Gehen Aus,Jens Friebe,Nackte Angst Zieh Dich An Wir Gehen Aus,Staatsakt
bytefm-am-morgen,2020-03-16,Glorious,Sudan Archives,Athena,Stones Throw
bytefm-am-morgen,2020-03-16,Fabrik,Stefanie Schrank,Unter der Haut eine überhitzte Fabrik,Staatsakt
bytefm-am-morgen,2020-03-16,Pleasure,Baxter Dury,It's A Pleasure,Pias
bytefm-am-morgen,2020-03-16,Birdsong,Rosie Lowe,YU,Wolf Tone
bytefm-am-morgen,2020-03-16,Molasses,Kwaku Asante,Molasses (Single),E&M
bytefm-am-morgen,2020-03-16,The Reckoning,Lisa Simone,The Reckoning (Single),Warner
bytefm-am-morgen,2020-03-16,Bed Smoker,Noseholes,Noseholes EP,ChuChu Records
bytefm-am-morgen,2020-03-16,Above The Clouds,Gang Starr,Moment Of Truth,Noo Trybe
bytefm-am-morgen,2020-03-16,Oh Shine,Oliver Koletzki,Watergate X,Watergate Records
bytefm-am-morgen,2020-03-16,The I.N.C. Ride,Masta Ace,Sittin' On Chrome,Delicious Vinyl
bytefm-am-morgen,2020-03-17,Nützliche Katastrophen,Die Goldenen Zitronen,More Than A Feeling,Buback
bytefm-am-morgen,2020-03-17,Go! (Feat. Karen O),Santigold,Master Of My Make-Believe,Warner
bytefm-am-morgen,2020-03-17,The Way You'd Love Her,Mac DeMarco,Another One,Captured Tracks
bytefm-am-morgen,2020-03-17,Right Away,Vetiver,The Errant Charm,Bella Union | Cooperative Music
bytefm-am-morgen,2020-03-17,Gelin Halayi,Altin Gün,Gelin Halayi (Single),ATO Records
bytefm-am-morgen,2020-03-17,Alles Leer,"Ja, Panik",Libertatia,Staatsakt
bytefm-am-morgen,2020-03-17,I Can Talk,Two Door Cinema Club,Tourist History,Kitsuné
bytefm-am-morgen,2020-03-17,The Battlefield,Ghostface Killah,36 Seasons,Tommy Boy Records
bytefm-am-morgen,2020-03-17,Home,Caribou,Home (Single),City Slang
bytefm-am-morgen,2020-03-17,22703,Pauls Jets,22703 (Single),Lotterlabel
bytefm-am-morgen,2020-03-17,Luck Of Lucien,A Tribe Called Quest,People's Instinctive Travels And Paths Of Rhythm,Jive
bytefm-am-morgen,2020-03-17,Hedgehog's Dilemma,Neue Grafik Ensemble,Foulden Road,Total Refreshment Centre
bytefm-am-morgen,2020-03-17,Step Inside,Homeboy Sandman,Dusty,Mello Music Group
bytefm-am-morgen,2020-03-17,"Eat, Sleep, Wake (Nothing But You)",Bombay Bicycle Club,"Eat, Sleep, Wake (Nothing But You) (Single)",MMM Records
bytefm-am-morgen,2020-03-17,Broke And Lonely,Johnny Guitar Watson,Early Black Rock'n'Roll III,Trikont
bytefm-am-morgen,2020-03-17,What A Man,Linda Lyndell,The Stax Story: Finger-Snappin' Good,Stax
bytefm-am-morgen,2020-03-17,Unconditional Love,Benny Sings,Champagne People,Sonar Kollektiv
bytefm-am-morgen,2020-03-17,Dreadlock Holiday,10cc,Dreadlock Holiday,Mercury
bytefm-am-morgen,2020-03-17,Fall Down,Mnnqns,Body Negative,Fat Cat
bytefm-am-morgen,2020-03-17,You Fell Apart,Ex Hex,Rips,Merge
bytefm-am-morgen,2020-03-17,Bad Love,Booka Shade,More!,Get Physical
bytefm-am-morgen,2020-03-17,Master Of None,Beach House,Beach House,Mistletone
bytefm-am-morgen,2020-03-17,Grand Dérèglement,Francois & The Atlas Mountains,Solide Mirage,Domino
bytefm-am-morgen,2020-03-17,Doorman,Slowthai & Mura Masa,Doorman (Single),Method Records
bytefm-am-morgen,2020-03-17,... Even Though You're With Another Girl (Radio Edit),Trentemøller,... Even Though You're With Another Girl,In My Room
bytefm-am-morgen,2020-03-17,Messing With My Life,Kitty Daisy & Lewis,Smoking In Heaven,PIAS
bytefm-am-morgen,2020-03-17,1st Time,Cooly G,Wait 'Til Night,Hyperdub
bytefm-am-morgen,2020-03-17,Words,Ane Brun,It All Starts With One,Balloon Ranger Recordings
bytefm-am-morgen,2020-03-17,Can't Stop Now Feat. Mr. Vegas & Jovi Rockwell,Major Lazer,Guns Don't Kill People... Lazers Do,Mad Decent | Downtown
bytefm-am-morgen,2020-03-17,Before Your Very Eyes,Atoms For Peace,Amok,XL Recordings
bytefm-am-morgen,2020-03-17,Panther Like A Panther (Miracle Mix Edit),Run The Jewels,Run The Jewels III,"Run The Jewels, Inc."
bytefm-am-morgen,2020-03-17,Alcoholicity,Mint Mind,Thoughtsicles,The Upper Room
bytefm-am-morgen,2020-03-17,I Like Holden Caulfield,Bodi Bill,Tip Toe,I Like Holden Caulfield | Sinnbus
bytefm-am-morgen,2020-03-17,Gimme Some,Nina Simone,Verve Unmixed 4,Verve
bytefm-am-morgen,2020-03-17,Hayda,Tellavision & Derya Yildirim,Hayda,Katschma (Single) | Hans E. Platte
bytefm-am-morgen,2020-03-18,Yacht - Downtown Dancing,Yacht,,
bytefm-am-morgen,2020-03-18,FromdaTomb$ (feat. Chuck Strangers),Joey Bada$$,1999,Joey BadAÂ§Â§
bytefm-am-morgen,2020-03-18,I'll Be Around,Yo La Tengo,Fade,Matador
bytefm-am-morgen,2020-03-18,Pacify,Hand Habits,Placeholder,Saddle Creek
bytefm-am-morgen,2020-03-18,(Do the) Shämäläin,Have You Ever Seen the Jane Fonda Aerobic VHS?,Teenage Sweetheart,
bytefm-am-morgen,2020-03-18,Not,Bored Nothing,Some Songs,Spunk
bytefm-am-morgen,2020-03-18,I Heard It Through The Grapevine,The Slits,Cut,Island
bytefm-am-morgen,2020-03-18,Magnified Love,GusGus,Arabian Horse,Kompakt
bytefm-am-morgen,2020-03-18,Up,Earthgang,Up (Single),Dreamville Records
bytefm-am-morgen,2020-03-18,Loser,Megaloh,Endlich Unendlich,Nesola
bytefm-am-morgen,2020-03-18,Tropisch,Heim,WS,Tapete
bytefm-am-morgen,2020-03-18,Homesick (Feat.Ada),DJ Koze,Amygdala,Pampa Records
bytefm-am-morgen,2020-03-18,Sapphire,Bonobo,The North Borders,Ninja Tune
bytefm-am-morgen,2020-03-18,Trouble Trouble Trouble,Soul Clap,EFunk,Wolf + Lamb
bytefm-am-morgen,2020-03-18,Bois de Vincennes,Lemon Swell,Je m'appelle Lucas,La Souterraine
bytefm-am-morgen,2020-03-18,Tenderness,Jay Som,Anak Ko,Polyvinyl Records
bytefm-am-morgen,2020-03-18,UFOF,Big Thief,UFOF (Single),4AD
bytefm-am-morgen,2020-03-18,Searching,Pete Rock & C.L. Smooth,The Main Ingredient,Elektra
bytefm-am-morgen,2020-03-18,Generation L(ost),L.A. Salami,The City Of Bootmakers,Sunday Best
bytefm-am-morgen,2020-03-18,Das Prinzip Hoffnung,Freundeskreis,FK 10,Four Music
bytefm-am-morgen,2020-03-18,Shades Of You (feat. Poppy Ajudha),Moses Boyd,Shades Of You (Single),Exodus Records
bytefm-am-morgen,2020-03-18,Tender Things,Bill Withers,Best Of Bill Withers: Lean On Me,Columbia
bytefm-am-morgen,2020-03-18,Sing It Back,Moloko,Repo Men Original Motion Picture Soundtrack,Relativity
bytefm-am-morgen,2020-03-18,Magazin,White Denim,Magazin (Single),City Slang
bytefm-am-morgen,2020-03-18,Oppsie,Good Morning,GloryShawcross,Shawcross | Solitaire
bytefm-am-morgen,2020-03-18,What I Wanted,Tungz,Okay,Future Bounce
bytefm-am-morgen,2020-03-18,T69 Collapse,Aphex Twin,Collapse EP,Warp
bytefm-am-morgen,2020-03-18,Uneventful Days (St. Vincent Remix),Beck,Uneventful Days (Single),Capitol Records
bytefm-am-morgen,2020-03-18,Gurbet,Özdemir Erdogan,Boyabat Pirinci (Türküler),Özdemir Erdogan Müzik
bytefm-am-morgen,2020-03-18,Right Up Your Alley,Masok,Right Up Your Alley (Single),Raw Tapes
bytefm-am-morgen,2020-03-18,Dreamcatcher [Explicit] [feat. Swae Lee & Travis Scott],Metro Boomin,NOT ALL HEROES WEAR CAPES [Explicit],Amazon.com Song ID: 200000305408379
bytefm-am-morgen,2020-03-18,Close To Me [Closet Remix],The Cure,Galore (The Singles 1987-1997),Polydor
bytefm-am-morgen,2020-03-19,Kamo Kamo,Fat Freddy's Drop,Kamo Kamo (Single),The Drop
bytefm-am-morgen,2020-03-19,So Good,Tuxedo,Tuxedo EP,free download | Soundcloud
bytefm-am-morgen,2020-03-19,PetalHead,Krush Puppies,PetalHead (Single),Babeloque
bytefm-am-morgen,2020-03-19,Respect Yourself,The Staple Singers,East Memphis Music - The Hits & More,Rondor Music International
bytefm-am-morgen,2020-03-19,TWIL (The Waterfall Is Love),Ronke,TWIL (The Waterfall Is Love (Single),Ronke
bytefm-am-morgen,2020-03-19,Your Heart Is An Empty Room,Death Cab For Cutie,Plans,Atlantic
bytefm-am-morgen,2020-03-19,Rotten Apple (D-Tox Remix),The Black Seeds,Specials: Remixes & Versions From Solid Ground,The Black Seeds
bytefm-am-morgen,2020-03-19,Gold Purple Orange (feat. Dane Orr),Jean Grae & Quelle Chris,Everything’s Fine,Mello Music Group
bytefm-am-morgen,2020-03-19,Show Me More,Girl Ray,Show Me More (Single),Moshi Moshi
bytefm-am-morgen,2020-03-19,You Ain't The Problem,Michael Kiwanuka,You Ain't The Problem (Single),Polydor
bytefm-am-morgen,2020-03-19,This Is My Rock (Feat. Sophia Kennedy),DJ Koze,Knock Knock,Pampa Records
bytefm-am-morgen,2020-03-19,Jazire (Isolée Remix),Amberoom,Jazire (Isolée Remix) (Single),TAU
bytefm-am-morgen,2020-03-19,Howl,Alexandra Savior,Howl (Single),30th Century Records
bytefm-am-morgen,2020-03-19,Discogedanken,Klaus Johann Grobe,Discogedanken (Single),Trouble In Mind Records
bytefm-am-morgen,2020-03-19,Westend,Odd Couple,Yada Yada,Cargo
bytefm-am-morgen,2020-03-19,Vérité,Claire Laffut,Mojo EP,Universal
bytefm-am-morgen,2020-03-19,Feel Good (feat. Khruangbin),Maribou State,Feel Good (feat. Khruangbin),Counter Records
bytefm-am-morgen,2020-03-19,ICI (Short Version),Pupkulies & Rebecca,Krickow EP,Acker Records
bytefm-am-morgen,2020-03-19,Overload,Georgia Anne Muldrow,Overload,Brainfeeder
bytefm-am-morgen,2020-03-19,Image,Actress,Ghettoville,Werkdiscs
bytefm-am-morgen,2020-03-19,Punching Up,Flasher,Constant Image,Domino
bytefm-am-morgen,2020-03-19,Out Of Reach,Bananagun,Out Of Reach (Single),Full Time Hobby
bytefm-am-morgen,2020-03-19,Blacker Than Blue,The Grand Opening,Don't Look Back Into The Darkness,Tapete Records
bytefm-am-morgen,2020-03-19,Black Qualls (feat. Steve Lacy + Steve Arrington),Thundercat,Black Qualls (Single),Brainfeeder
bytefm-am-morgen,2020-03-19,Astray,Holograms,Holograms,Captured Tracks
bytefm-am-morgen,2020-03-19,Karussell,Swutscher,Wilde Deutsche Prärie,Staatsakt
bytefm-am-morgen,2020-03-19,Baby I'm Yours (Feat. Irfane) (Siriusmo Remix),Breakbot,Baby I'm Yours,Ed Banger
bytefm-am-morgen,2020-03-19,Don't Push Featuring Ty,Tettorybad,Unite,Toy's Factory
bytefm-am-morgen,2020-03-19,Need Your Lovin,Soul Clap,EFunk,Wolf + Lamb
bytefm-am-morgen,2020-03-19,Total Football,Parquet Courts,Wide Awake!,Rough Trade
bytefm-am-morgen,2020-03-19,Come Get Me,Stephen Malkmus,Groove Denied,Domino
bytefm-am-morgen,2020-03-19,S4,Breton,War Room Stories,Cut Tooth
bytefm-am-morgen,2020-03-20,"Try It, You'll Like It",Marvin Gaye,You’re The Man,Motown
bytefm-am-morgen,2020-03-20,Somehow Somewhere Someway,Ty,A Work Of Heart,Jazz Re:freshed
bytefm-am-morgen,2020-03-20,Someday (Extended Spirit Remix),Silent Poets,Someday,Yellow Productions
bytefm-am-morgen,2020-03-20,Miete Strom Gas,Die Tueren,Exoterik,Staatsakt
bytefm-am-morgen,2020-03-20,"Best Friends, Right?",Amy Winehouse,Lioness: Hidden Treasures,Universal
bytefm-am-morgen,2020-03-20,Never Forget,Session Victim,See You When You Get There,Delusions Of Grandeur
bytefm-am-morgen,2020-03-20,Looking For Love,Chromatics,Looking For Love,Italians Do It Better
bytefm-am-morgen,2020-03-20,Cruel Intentions,Simian Mobile Disco,Temporary Pleasure,Wichita
bytefm-am-morgen,2020-03-20,Room Temperature,Faye Webster,Room Temperature (Single),Secretly Canadian
bytefm-am-morgen,2020-03-20,Cannonball,The Breeders,Last Splash,4AD
bytefm-am-morgen,2020-03-20,Ouais,Antoine Léonpaul,"OUF, l'anthologie souterraine, 2015-2017",La Souterraine
bytefm-am-morgen,2020-03-20,Imagine,Snoop Dogg,The Blue Carpet Treatment,Geffen
bytefm-am-morgen,2020-03-20,Die Auswendigen Muster,Bratze,Die Auswendigen Muster Single,Audiolith
bytefm-am-morgen,2020-03-20,Each The Others World Entire,Moneybrother,Each The Others World Entire,RAR
bytefm-am-morgen,2020-03-20,Out Of Reach,Klaus Johann Grobe,Out Of Reach (Single),Trouble In Mind
bytefm-am-morgen,2020-03-20,Alles Was Du Verlierst,Die Regierung,Was,Staatsakt
bytefm-am-morgen,2020-03-20,I See The White,Jess Williamson,Cosmic Wink,Mexican Summer
bytefm-am-morgen,2020-03-20,Bad Weather,The Supremes,Bad Weather,It's So Hard For Me To Say Goodbye | Tamla Motown
bytefm-am-morgen,2020-03-20,Holding On,Tirzah,Devotion,Domino
bytefm-am-morgen,2020-03-20,Eva,Roberto Rodriguez,Dawn,Serenades
bytefm-am-morgen,2020-03-20,Der Sommer in die Stadt wird fahren,Die Sterne,Die Sterne,PIAS
bytefm-am-morgen,2020-03-20,Wo Gehst Du Heute Nacht Hin,Vierkanttretlager,Wo Gehst Du Heute Nacht Hin,Unter Schafen
bytefm-am-morgen,2020-03-20,Still Sound,Toro Y Moi,Underneath The Pine,Carpark
bytefm-am-morgen,2020-03-20,Magdeburg,Spröde Lippen,Nicht Schneller Nur Lauter,Latenz
bytefm-am-morgen,2020-03-20,I See Red,Frida,Something's Going On,Polar Music
bytefm-am-morgen,2020-03-20,I Want You So Bad,Orion,I Want You So Bad (Single),Italians Do It Better
bytefm-am-morgen,2020-03-20,Jaipur,Mr Twin Sister,Jaipur (Single),Twin Group
bytefm-am-morgen,2020-03-20,Club Bob Needed More Sex Drugs,Suff Daddy,Probably Broccoli,Club Bob Needed More Sex Drugs (Single) | Jakarta Records
bytefm-am-morgen,2020-03-20,Don't Let Get You Down,Wajatta,Don't Let Get You Down (Single),Brainfeeder
bytefm-am-morgen,2020-03-20,That Don't Mean,TrueMendous,That Don't Mean (Single),True Focus Records
bytefm-am-morgen,2020-03-20,Heatwave (Feat. Olivier St. Louis),Jazzanova,The Pool,Sonar Kollektiv
bytefm-am-morgen,2020-03-20,Soleil,Roosevelt,Sea,Greco-Roman
bytefm-am-morgen,2020-03-21,Space Samba (Disco Volador Theme),The Orielles,Disco Volador,Heavenly Recordings
bytefm-am-morgen,2020-03-21,This Is Industry,Calvin Harris,I Created Disco,Columbia
bytefm-am-morgen,2020-03-21,Punani Power,Ebow,Komplexität,Problembär Records
bytefm-am-morgen,2020-03-21,I'll Take You There,The Staple Singers,The Stax Story: The Hits,Stax
bytefm-am-morgen,2020-03-21,Terrorize My Heart (Disco Dub),79.5,,
bytefm-am-morgen,2020-03-21,Osaka Loop Line,Discovery,Discovery,XL Recordings
bytefm-am-morgen,2020-03-21,Summer Song,Ronnie Foster + Diamond D,"The New Groove, The Blue Note Remix Project",Blue Note
bytefm-am-morgen,2020-03-21,My Life (feat. Tame Impala),Zhu,My Life (Single),Mind Of A Genius
bytefm-am-morgen,2020-03-21,Nobody,Mitski,Be The Cowboy,Dead Oceans
bytefm-am-morgen,2020-03-21,In The Air,Allah-Las,Lahs,Mexican Summer
bytefm-am-morgen,2020-03-21,Love Came With All That It Brings,Villagers,The Art Of Pretending To Swim,Domino
bytefm-am-morgen,2020-03-21,Waiting For Grace (feat. Laetitia Sadier),Marker Starling,Waiting For Grace (Single),Tin Angel Records
bytefm-am-morgen,2020-03-21,Kiss My Lips (feat. Princess Chelsea),Jonathan Bree,Kiss My Lips (Single),Jonathan Bree
bytefm-am-morgen,2020-03-21,Natural,Julia Shapiro,Perfect Vision,Hardly Art
bytefm-am-morgen,2020-03-21,"Visions Of Someone Special, On A Wall Of Reflections",Melody's Echo Chamber,Bon Voyage,Domino | Fat Possum
bytefm-am-morgen,2020-03-21,Warning Bells,Bauchklang,Akusmatik,Bauchklang Records
bytefm-am-morgen,2020-03-21,Unwind Yourself,Marva Whitney,James Brown's Original Funky Divas,Universal
bytefm-am-morgen,2020-03-21,Apathy,Frankie Cosmos,Vessel,Sub Pop
bytefm-am-morgen,2020-03-21,It's Too Late,The Streets,Original Pirate Material,679 Recordings
bytefm-am-morgen,2020-03-21,Fast Slow Disco,St. Vincent,Fast Slow Disco (Single),Loma Vista Recordings
bytefm-am-morgen,2020-03-21,Bikes,Lucy Rose,Like I Used To,Columbia
bytefm-am-morgen,2020-03-21,Feel Right (Feat. Mystikal),Mark Ronson,Uptown Special,Columbia
bytefm-am-morgen,2020-03-21,Giving Up,Whitney,Giving Up (Single),Secretly Canadian
bytefm-am-morgen,2020-03-21,Didn't I,Darondo,Let My People Go,Luv N' Haight
bytefm-am-morgen,2020-03-21,I Saw The Light,Todd Rundgren,SomethingAnything?,Anything? | Rhino
bytefm-am-morgen,2020-03-21,Real Love,Chrysta Bell,This Train,QQ5
bytefm-am-morgen,2020-03-21,Perfecto,Hotel,Room 102,Anteprima Productions
bytefm-am-morgen,2020-03-21,Stop Or Go,The Pigeon Detectives,Wait For Me,Dance To The Radio
bytefm-am-morgen,2020-03-21,Disappear,Petite Noir,Disapper EP,Double Six Records
bytefm-am-morgen,2020-03-21,White Horse,Jessica 6,See The Light,Peacefrog
bytefm-am-morgen,2020-03-21,Parasol Woods,Manu Delago,Parasol Peak,One Little Indian
bytefm-am-morgen,2020-03-21,Was das was das,Erregung öffentlicher Erregung,TNG,Euphorie
bytefm-am-morgen,2020-03-21,Sneakin' In The Back,Tom Scott & The L.A. Express,Tom Scott & The L.A. Express,Ode Records
bytefm-am-morgen,2020-03-22,More (feat. Anderson .Paak),Flying Lotus,Flamagra,Warp Records
bytefm-am-morgen,2020-03-22,Sunset,Panda Bear,A Day With The Homies EP,Domino
bytefm-am-morgen,2020-03-22,Steady,LAL,LAL,Public Transit Recordings
bytefm-am-morgen,2020-03-22,Sozialisiert in der BRD,Botschaft,Sozialisiert in der BRD (Single),Kleine Untergrund Schallplatten
bytefm-am-morgen,2020-03-22,Anders Überlegt,Ryo Takeda,Grünes Rauschen,Zughafen
bytefm-am-morgen,2020-03-22,Umbé Data,RVDS & Rau,Thirtyfive Ways,Smallville
bytefm-am-morgen,2020-03-22,Coney Island Getaway,Joel Sarakula,Love Club,Légère Recordings
bytefm-am-morgen,2020-03-22,For You,Kristofer Åström,From Eagle To Sparrow,Startracks
bytefm-am-morgen,2020-03-22,Hold On,Alabama Shakes,Boys & Girls,Rough Trade
bytefm-am-morgen,2020-03-22,Zorro,Cristobal And The Sea,Peach Bells,City Slang
bytefm-am-morgen,2020-03-22,Chrysalis (Feat. Sacha Vee),Benny Tones,Chrysalis,BBE
bytefm-am-morgen,2020-03-22,Forrest Gump,Frank Ocean,Channel Orange,Island
bytefm-am-morgen,2020-03-22,Jesus Came To My Birthday Party,The Middle East,I Want That You Are Always Happy,PIAS
bytefm-am-morgen,2020-03-22,Muanapoto,Tshegue,Muanapoto (Single),Ekleroshock
bytefm-am-morgen,2020-03-22,Deployed (feat. Little Dragon),Sir Was,Deployed (Single),Memphis Industries
bytefm-am-morgen,2020-03-22,Old Man,Stella Donnelly,Old Man (Single),Secretly Canadian
bytefm-am-morgen,2020-03-22,Speak Low (Bent Remix),Billie Holiday,Verve Remixed 3,Verve
bytefm-am-morgen,2020-03-22,Anoxia,King Gizzard & The Lizard Wizard,Flying Microtonal Banana,Flightless
bytefm-am-morgen,2020-03-22,2 Hearts (Radio Edit),Digitalism,2 Hearts (Single),V2 | Cooperative Music
bytefm-am-morgen,2020-03-22,Love Life,Sugar Minott,The Roots Lover 1978-1983,Moll Selekta
bytefm-am-morgen,2020-03-22,The Look Of Love (Remix),J-88,The Look Of Love,Groove Attack Production
bytefm-am-morgen,2020-03-22,Leave In Silence,Depeche Mode,The Singles 81 > 85,Mute
bytefm-am-morgen,2020-03-22,I Wanna Jump,Ike & Tina Turner,Funkier Than A Mosquito's Tweeter,EMI
bytefm-am-morgen,2020-03-22,Ordinary Pleasure,Toro Y Moi,Ordinary Pleasure (Single),Carpark
bytefm-am-morgen,2020-03-22,Cry Everything,Kindness,Cry Everything (Single),Female Energy
bytefm-am-morgen,2020-03-22,Elvis' Flaming Star (Radio Edit),Pond,Elvis' Flaming Star (Single),Caroline
bytefm-am-morgen,2020-03-22,Blam,Georgia Anne Muldrow,Overload,Brainfeeder
bytefm-am-morgen,2020-03-22,True Love,Die Kerzen,Erotik International EP,Staatsakt
bytefm-am-morgen,2020-03-22,Baby,Ariel Pink,Mature Themes,4AD
bytefm-am-morgen,2020-03-22,Dive Down,Mile Me Deaf,Dive Down (Single),Siluh Records
bytefm-am-morgen,2020-03-22,Stand Divided,Plumes,Plumes,Plumes
bytefm-am-morgen,2020-03-22,Don't You Just Know It,Huey ''Piano'' Smith,Snatch - Stealin' Stones And Breakin' Bones,Universal
bytefm-am-morgen,2020-03-22,Far From Yours,O.C.,Jewelz,Payday | FFRR
bytefm-am-morgen,2020-03-23,You Goin' Miss Your Candyman,Terry Callier,What Color Is Love,Geffen
bytefm-am-morgen,2020-03-23,The Fall,Rhye,The Fall (EP),Polydor
bytefm-am-morgen,2020-03-23,A Second Skin,Girls Names,The New Life,Tough Love
bytefm-am-morgen,2020-03-23,Oy Oy Emine,Derya Yildirim & Grup Simsek,Oy Oy Emine (Single),Bongo Joe
bytefm-am-morgen,2020-03-23,Brown Sugar (Fine),Mos Def,Brown Sugar Soundtrack,MCA
bytefm-am-morgen,2020-03-23,Black Car,Black Tambourine,Complete Recordings,Slumberland
bytefm-am-morgen,2020-03-23,Soft Stud,Black Belt Eagle Scout,Mothers Of My Children,Saddle Creek
bytefm-am-morgen,2020-03-23,Unzerbrechlich,Casper,Hin Zur Sonne,667onemorethanthedevil
bytefm-am-morgen,2020-03-23,Bangsaen Lady,Khana Bierbood,Strangers From The Far East,Guruguru Brain
bytefm-am-morgen,2020-03-23,Sod In The Seed (Radio Edit),Why?,Sod In The Seed (Single),City Slang
bytefm-am-morgen,2020-03-23,Garota,Erlend Oye,Legao,Bubble Records Promo | VÖ: 03.10.14
bytefm-am-morgen,2020-03-23,Don't Cross,We Love,We Love,BPitch Control
bytefm-am-morgen,2020-03-23,Shadows Of Ourselves,Thievery Corporation,It Takes A Thief,Eighteenth Street Lounge Music
bytefm-am-morgen,2020-03-23,The Time Is Now (Edit),Moloko,The Time Is Now [Single],Roadrunner Records
bytefm-am-morgen,2020-03-23,SeeSaw (Feat. Romy),Jamie xx & Four Tet,SeeSaw (Single),Young Turks
bytefm-am-morgen,2020-03-23,Pineapple (feat. Moses Boyd & Néjira),Blue Lab Beats,Xover,Blue Adventure | AllPoints
bytefm-am-morgen,2020-03-23,Stupid Fish,Cherry Glazerr,Stuffed & Ready,Secretly Canadian
bytefm-am-morgen,2020-03-23,Teenage,Veronica Falls,Waiting For Something To Happen,Bella Union
bytefm-am-morgen,2020-03-23,Mystery,Boxed In,Boxed In,Nettwerk
bytefm-am-morgen,2020-03-23,Helicopter,XTC,Drums And Wires,Epic
bytefm-am-morgen,2020-03-23,Sound And Vision,David Bowie,Low,Parlophone
bytefm-am-morgen,2020-03-23,Ever Had A Little Faith?,Belle And Sebastian,Girls In Peacetime Want To Dance,Matador
bytefm-am-morgen,2020-03-23,"The Scott Steinway Trio (Montreux, 76)",88-Keys,The Beat Suite,Urban Theory
bytefm-am-morgen,2020-03-23,Romania,Godblesscomputers,Counter Future - A Sound Exposure Vol. 3,Equinox Records
bytefm-am-morgen,2020-03-23,Tried,Badbadnotgood & Little Dragon,Tried (Single),Ninja Tune
bytefm-am-morgen,2020-03-23,In In In,Zebra Katz,In In In (Single),ZFK Records
bytefm-am-morgen,2020-03-23,We Exist,Arcade Fire,Reflektor,Vertigo Berlin
bytefm-am-morgen,2020-03-23,Crepuscular Child,The Proper Ornaments,Six Lenins,Tapete
bytefm-am-morgen,2020-03-23,Daily Driver,Black Marble,Bigger Than Life,Sacred Bones
bytefm-am-morgen,2020-03-23,It Might Be Time,Tame Impala,It Might Be Time (Single),Modular
bytefm-am-morgen,2020-03-23,Nobody Hangs Out Anymore,London O'Connor,O?,True Panther Sounds
bytefm-am-morgen,2020-03-23,Rapture (Anita Baker Cover),Natalie Prass,Side By Side EP,
bytefm-am-morgen,2020-03-24,Initiative,Shopping,All Or Nothing,Fat Cat
bytefm-am-morgen,2020-03-24,LikeLikeLike,Sophie Hunger,The Danger Of Light,Two Gentlemen
bytefm-am-morgen,2020-03-24,Try To Be,Blue Hawaii,Untogether,Arbutus Records
bytefm-am-morgen,2020-03-24,Love Power,Dusty Springfield,Mojo Club Dancefloor Jazz Vol. 10 - Love Power,Universal Jazz
bytefm-am-morgen,2020-03-24,Water Me Down,Vagabon,Water Me Down (Single),Nonesuch
bytefm-am-morgen,2020-03-24,Die Letzte Gang Der Stadt,Casper,XOXO,Four Music
bytefm-am-morgen,2020-03-24,Get Down On The Floor,Yo Majesty,Futuristically Speaking… Never Be Afraid,Domino
bytefm-am-morgen,2020-03-24,When You Are Who You Are,Gil Scott-Heron,Pieces Of A Man,Flying Dutchman
bytefm-am-morgen,2020-03-24,Slumlord,Baxter Dury,Slumlord (Single),PIAS | Le Label
bytefm-am-morgen,2020-03-24,I Feel Alive,Tops,I Feel Alive (Single),Musique Tops
bytefm-am-morgen,2020-03-24,Finally Russian,Shi,<3 EP,3 EP | Creative Talents
bytefm-am-morgen,2020-03-24,Face The Facts,Foxygen,Seeing Other People,Jagjaguwar
bytefm-am-morgen,2020-03-24,Take Care In Your Dreams,Tindersticks,No Treasure But Hope,City Slang
bytefm-am-morgen,2020-03-24,Risk (feat. Bas),FKJ,Risk (Single),FKJ|AWAL
bytefm-am-morgen,2020-03-24,Imaginist,Space Invadas,Done It Again EP,BBE
bytefm-am-morgen,2020-03-24,Jammin' (Album Version),Bob Marley & MC Lyte,Jammin' Remixes,Island Def Jam Music Group
bytefm-am-morgen,2020-03-24,One Time,The Roots,Undun,Def Jam
bytefm-am-morgen,2020-03-24,Miss You,The Dynamics,Version Excursions,Groove Attack Productions
bytefm-am-morgen,2020-03-24,Narcissus,Roisin Murphy,Narcissus (Single),Mickey Murphy's Daughter Limited | BMG
bytefm-am-morgen,2020-03-24,Problems With The Sun,Nicolas Jaar,Space Is Only Noise,Circus Company
bytefm-am-morgen,2020-03-24,In All Directions,Reflekta Reflekta,Wildlife,Avantpop
bytefm-am-morgen,2020-03-24,More,Sorry,More (Single),Domino
bytefm-am-morgen,2020-03-24,Snake Road,Ron Sexsmith,Forever Endeavour,Cooking Vinyl
bytefm-am-morgen,2020-03-24,Grandma's Hands,Bill Withers,Best Of Bill Withers: Lean On Me,Columbia
bytefm-am-morgen,2020-03-24,Extend The Song (feat. Laetitia Sadier),Von Spar,Extend The Song (feat. Laetitia Sadier) (Single),Bureau B
bytefm-am-morgen,2020-03-24,Solar On The Rise,Tennis,Ritual In Repeat,Communion Records
bytefm-am-morgen,2020-03-24,Last Sniff (feat. MF Doom),Wilma Archer,Last Sniff (Single),Domino
bytefm-am-morgen,2020-03-24,But We Did,Thomas Dybdahl,What's Left Is Forever,Universal
bytefm-am-morgen,2020-03-24,Over The Fountain,Chevalier Avant Garde,Heterotopias,DeBonton
bytefm-am-morgen,2020-03-24,Nights Interlude,Nightmares On Wax,N.O.W. Is The Time,Warp
bytefm-am-morgen,2020-03-24,Stop Me (Feat. Daniel Merriweather),Mark Ronson,Version,Sony | BMG
bytefm-am-morgen,2020-03-24,Grey Day,Zoot Woman,Zoot Woman,Labels
bytefm-am-morgen,2020-03-24,Align,Mister Lies,Mowgli,Lefse
bytefm-am-morgen,2020-03-24,I Wish I Knew How It Would Feel To Be Free,Nina Simone,Silk & Soul,BMG
bytefm-am-morgen,2020-03-24,Roll With The Punches (Feat. Ty),Waxolutionists,Counterfight,Universal
bytefm-am-morgen,2020-03-24,Street,Jamie Woon,Mirrorwriting,Polydor
bytefm-am-morgen,2020-03-25,Deal Wiv It (feat. Slowthai),Mura Masa,Deal Wiv It (Single),Anchor Point | Polydor
bytefm-am-morgen,2020-03-25,Everything (Feat. Karin Park),Maya Jane Coles,Everything,I|AM|ME
bytefm-am-morgen,2020-03-25,I Know She Cares,The Dynamics,180.000 Miles & Counting,Big Single
bytefm-am-morgen,2020-03-25,Regimen,Masok,The Bigger The Risk,Raw Tapes
bytefm-am-morgen,2020-03-25,Neighbors And Township,The Sea And Cake,Runner,Thrill Jockey
bytefm-am-morgen,2020-03-25,Discovery,Warpaint,Warpaint,Rough Trade
bytefm-am-morgen,2020-03-25,What Moves,LA Priest,Gene,Domino
bytefm-am-morgen,2020-03-25,Such Great Heights,The Postal Service,Give Up,Sub Pop
bytefm-am-morgen,2020-03-25,Wheel Of Fortune,Memoriez,Wheel Of Fortune (Single),Bloodstream
bytefm-am-morgen,2020-03-25,Miss You,The Rapture,In The Grace Of Your Love,Cooperatvie Music
bytefm-am-morgen,2020-03-25,Gita,Moderat,Moderat II,Monkeytown
bytefm-am-morgen,2020-03-25,We Disappear,Jon Hopkins,Immunity,Domino
bytefm-am-morgen,2020-03-25,Dog,Scott Matthew,There Is An Ocean That Divides And With My Longing I Can Charge It With A Voltage That's So Violent To Cross It Could Mean Death,Glitterhouse
bytefm-am-morgen,2020-03-25,Summer In The City,The Lovin' Spoonful,Summer In The City,Kama Sutra
bytefm-am-morgen,2020-03-25,Wasting Time,Frivolous,Meteorolgy,Cadenza
bytefm-am-morgen,2020-03-25,Bugaboo,Hunney Pimp,Chicago Baby,Phat Penguin
bytefm-am-morgen,2020-03-25,99 Glimpses,Sofie,99 Glimpses (Single),Stones Throw
bytefm-am-morgen,2020-03-25,"Sitting, Waiting, Wishing",Jack Johnson,In Between Dreams,Brushfire Records
bytefm-am-morgen,2020-03-25,Check The Rhime,A Tribe Called Quest,The Low End Theory,Jive | Zomba
bytefm-am-morgen,2020-03-25,Morning Fun (Feat. Common),Vikter Duplaix,Morena,Morning Fun | White
bytefm-am-morgen,2020-03-25,It Makes You Forget (Itgehane),Peggy Gou,It Makes You Forget (Itgehane) (Single),Ninja Tune
bytefm-am-morgen,2020-03-25,Lady,Chromatics,Kill For Love,Italians Do It Better
bytefm-am-morgen,2020-03-25,Come To My Door (Acoustic Version),José James,It's All Over Your Body EP,Blue Note
bytefm-am-morgen,2020-03-25,We Broke Free,Metronomy,The English Riviera,Warner
bytefm-am-morgen,2020-03-25,Nostalgic Montage,Salami Rose Joe Louis,Nostalgic Montage (Single),Brainfeeder
bytefm-am-morgen,2020-03-25,Lucky One,Aquarama,Lucky One (Single),Fresh Yo! Label
bytefm-am-morgen,2020-03-25,Nexus (Feat. Robot Koch),Rain Dog,Two Words,Project: Mooncircle
bytefm-am-morgen,2020-03-25,I Didn't Know,Skinshape,Filoxiny,Lewis Recordings
bytefm-am-morgen,2020-03-25,White Noise White Heat,Elbow,Giants Of All Sizes,Universal
bytefm-am-morgen,2020-03-25,I Don't Love You Anymore,"Tyler, The Creator",Igor,Columbia
bytefm-am-morgen,2020-03-25,Traffic,Roman,Roman,Karaoke Kalk
bytefm-am-morgen,2020-03-25,Taken It All,Zoot Woman,Zoot Woman,Labels
bytefm-am-morgen,2020-03-25,Soon The New Day (Feat. Norah Jones),Talib Kweli,Eardrum,Blacksmith Music
bytefm-am-morgen,2020-03-26,Patience,Tame Impala,Patience (Single),Fiction Records
bytefm-am-morgen,2020-03-26,Lies,Is Tropical,Native To,Kitsuné|Cooperative Music
bytefm-am-morgen,2020-03-26,Cold Win,Ghostpoet,Some Say I So I Say Light,PIAS
bytefm-am-morgen,2020-03-26,The Escapist,The Streets,Everything Is Borrowed,679 Recordings
bytefm-am-morgen,2020-03-26,Sugar,Ora The Molecule,Sugar (Single),Uhh Ahh Records
bytefm-am-morgen,2020-03-26,Welcome To The World Of The Plastic Beach (Feat. Snoop Dogg & Hypnotic Brass Ensemble),Gorillaz,Plastic Beach,Parlophone | Virgin
bytefm-am-morgen,2020-03-26,5 Seconds,Clarence + Napoleon,Breaking The Silence,Ferryhouse Production
bytefm-am-morgen,2020-03-26,Reflector,Antelope,Reflector,Dischord
bytefm-am-morgen,2020-03-26,Blind II,The Underground Youth,Montages Of Lust & Fear,Fuzz Club
bytefm-am-morgen,2020-03-26,Ghost,Bad Hammer,Extended Play,Italian Island | Doom Chakra Tapes
bytefm-am-morgen,2020-03-26,Head On,Man Man,On Oni Pond,Epitaph
bytefm-am-morgen,2020-03-26,Shimmy,Midnight Sister,Saturn Over Sunset,Jagjaguwar
bytefm-am-morgen,2020-03-26,Happy Unhappy,The Beths,Future Me Hates Me,Carpark
bytefm-am-morgen,2020-03-26,Everybody Here Hates You,Courtney Barnett,Everybody Here Hates You (Single),Marathon Artists
bytefm-am-morgen,2020-03-26,Eye (Can't See),Nightmares On Wax,Feelin' Good,Warp
bytefm-am-morgen,2020-03-26,Can You Believe It?,Martha Wainwright,Come Home To Mama,Universal
bytefm-am-morgen,2020-03-26,Natural,Nov3l,Natural,To Whom It May Concern (Single) | Meat Machine
bytefm-am-morgen,2020-03-26,U-Bahn (Featuring Axel Bosse),Oliver Koletzki,Großstadtmärchen,Stil Vor Talent
bytefm-am-morgen,2020-03-26,Friends,Nas & Damian Marley,Distant Relatives,Universal
bytefm-am-morgen,2020-03-26,No Idol,DJ Haram,Grace,Hyperdub
bytefm-am-morgen,2020-03-26,Little Girl Blue (Postal Service Remix),Nina Simone,Verve Remixed 3,Verve
bytefm-am-morgen,2020-03-26,Seein' Doe,S3 (Miles Bonny & Brenk Sinatra),Supa Soul Sh*t,MPM
bytefm-am-morgen,2020-03-26,Boss,Little Simz,Grey Area,Age 101
bytefm-am-morgen,2020-03-26,Till We Die (Feat. Nina Kinert) (Original),Tomas Barfod,Till We Die,Get Physical
bytefm-am-morgen,2020-03-26,OMG,Sampa The Great,The Return,Ninja Tune
bytefm-am-morgen,2020-03-26,Keep It Low (Radio Edit),The Hundred In The Hands,Keep It Low (Single),Warp
bytefm-am-morgen,2020-03-26,'Cause Of Lovin,Marbert Rocel,Small Hours,Compost
bytefm-am-morgen,2020-03-26,Look At Stars,Sbtrkt,Step In Shadows EP,Young Turks
bytefm-am-morgen,2020-03-26,I'm Getting Ready,Michael Kiwanuka,Home Again,Polydor | Universal
bytefm-am-morgen,2020-03-26,Loyalty,Phillip Boa & The Voodooclub,Loyalty,Cargo
bytefm-am-morgen,2020-03-26,Answering Machine,Shit Robot,From The Cradle To The Rave,DFA
bytefm-am-morgen,2020-03-26,No You Girls,Franz Ferdinand,Tonight: Franz Ferdinand,Domino
bytefm-am-morgen,2020-03-27,Flourish (feat. Angel Bat Dawid),A. Billi Free,I Luma,Tokyo Dawn Records
bytefm-am-morgen,2020-03-27,The Curse Of Greyface,Mickey Moonlight And The Time Axis Manipulation Corporation,Sixteen Brief And Inconsequential Images …Glimpses Of Scenes Flickering By…,Ed Banger
bytefm-am-morgen,2020-03-27,One More Chance (Radio Edit),Bloc Party,One More Chance,Wichita
bytefm-am-morgen,2020-03-27,Far Away,Jessie Reyez,Far Away (Single),Island Records
bytefm-am-morgen,2020-03-27,Echoes,Jamie Woon,Mirrorwriting,Polydor
bytefm-am-morgen,2020-03-27,Good Times Roll Pt. 2,RJD2,Deadringer: Deluxe,RJ's Electrical Connections
bytefm-am-morgen,2020-03-27,Something New,Babe Rainbow,Today,30th Century Records
bytefm-am-morgen,2020-03-27,Hey Hey Baby,Ben Sidran,"Too Slow to Disco, Vol. 2",How Do You Are?
bytefm-am-morgen,2020-03-27,Please Release Me,The Proper Ornaments,Six Lenins,Tapete
bytefm-am-morgen,2020-03-27,Don't Stop,S3 (Miles Bonny & Brenk Sinatra),Supa Soul Sh*t,MPM
bytefm-am-morgen,2020-03-27,In Tatters (Feat. Kelela Mizanekristos),Daedelus,Bespoke,Ninja Tune
bytefm-am-morgen,2020-03-27,Master & Servant,Nouvelle Vague,3,Peacefrog
bytefm-am-morgen,2020-03-27,Smug,Polica,Shulamith,Memphis Industries
bytefm-am-morgen,2020-03-27,Shuggie,Foxygen,We Are The 21st Century Ambassadors Of Peace & Magic,Jagjaguwar
bytefm-am-morgen,2020-03-27,Archangel,Burial,Untrue,Hyperdub
bytefm-am-morgen,2020-03-27,Getaway,Dr. John,Locked Down,Nonesuch
bytefm-am-morgen,2020-03-27,There Can Be Only One,Cass McCombs,Big Wheel And Others,Domino
bytefm-am-morgen,2020-03-27,Cool Off,Missy Elliott,Iconology,Atlantic
bytefm-am-morgen,2020-03-27,Don't Stop The Dance,The Bryan Ferry Orchestra,The Jazz Age,BMG
bytefm-am-morgen,2020-03-27,He Hit Me,Anika,Anika EP,Stones Throw
bytefm-am-morgen,2020-03-27,Love For $ale (Feat. Roots Manuva),Jamie Cullum,Love For $ale,Island
bytefm-am-morgen,2020-03-27,I Drive,Lower Dens,The Competition,Ribbon Music
bytefm-am-morgen,2020-03-27,Pains,Silk Rhodes,Pains 45,Stones Throw
bytefm-am-morgen,2020-03-27,Niemand (Was Wir Nicht Tun),Joy Denalane,Maureen,Nesola
bytefm-am-morgen,2020-03-27,The Wheel,Sohn,Tremors,4AD
bytefm-am-morgen,2020-03-27,Play On,The Hempolics,Play On (Single),Zee Zee Records
bytefm-am-morgen,2020-03-27,Texas Sun,Khruangbin & Leon Bridges,Texas Sun (Single),Dead Oceans|Columbia
bytefm-am-morgen,2020-03-27,I Don't Wanna Do It Right,Notic Nastic,Fullscreen,Notic Nastic
bytefm-am-morgen,2020-03-27,You Are,Isolée,Candy Apple Red,Maeve
bytefm-am-morgen,2020-03-27,The Foundation (feat. Cola Boyy),Nicolas Godin,The Foundation (Single),Because Music|Caroline International|Universal
bytefm-am-morgen,2020-03-27,Dissolution,Jaakko Eino Kalevi,Dissolution (Single),Domino
bytefm-am-morgen,2020-03-27,Do I Sad,Geneva Jacuzzi,Lamaze,Vinyl International
bytefm-am-morgen,2020-03-27,Here And Now,Client,Client,Toast Hawaii
bytefm-am-morgen,2020-03-27,Get Ta Steppin' (Feat. Mos Def & Vinia Mojica),Hi-Tek,Hi-Teknology,Rawkus
bytefm-am-morgen,2020-03-28,Gbim Gbim,JazzZ,Yummy Vibes,Tokyo Dawn Records
bytefm-am-morgen,2020-03-28,Justified (Feat. Erin),Breakage,Foundation,Digital Soundboy
bytefm-am-morgen,2020-03-28,Blaue Sonne,Siriusmo,The Plasterer Of Love,Monkeytown
bytefm-am-morgen,2020-03-28,A Little Of This,Grand Puba,2000,Elektra
bytefm-am-morgen,2020-03-28,Nice Guys,Easy Life,Nice Guys (Single),Universal
bytefm-am-morgen,2020-03-28,Get Up,Masters At Work,The Album,UMM
bytefm-am-morgen,2020-03-28,Baltic Sea,I'm Not A Band,"Band, Band",AdP Records
bytefm-am-morgen,2020-03-28,A Town Called Obsolete (Mount Kimbie Remix),Andreya Triana,A Town Called Obsolete (Single),Ninja Tune
bytefm-am-morgen,2020-03-28,Never Be Mine,Angel Olsen,My Woman,Jagjaguwar
bytefm-am-morgen,2020-03-28,Bad Feeling,Benin City,What A Time,Moshi Moshi
bytefm-am-morgen,2020-03-28,Could I Be,Sylvan Esso,Sylvan Esso,City Slang
bytefm-am-morgen,2020-03-28,Still,Noah Slee,Still (Single),Havelu Records
bytefm-am-morgen,2020-03-28,Lowdown,Crowd Company,Lowdown (Single),Vintage League Music
bytefm-am-morgen,2020-03-28,New Thought New Eyes,Forest Law,New Thought New Eyes (Single),Brownswood
bytefm-am-morgen,2020-03-28,Hold On,SBTRKT,SBTRKT,Young Turks | XL Recordings
bytefm-am-morgen,2020-03-28,Children Of The Grounds,Midlake,The Courage Of Others,Bella Union
bytefm-am-morgen,2020-03-28,No Idea,Edwyn Collins,Doctor Syntax,Setanta Records
bytefm-am-morgen,2020-03-28,Last Of The Boys,Pink Shabab,Ema By The Sea,Karaoke Kalk
bytefm-am-morgen,2020-03-28,Tweet Tweet Tweet,Sleaford Mods,Divide And Exit,Harbinger Sound
bytefm-am-morgen,2020-03-28,Purify,Unmap,Pressures,Sinnbus
bytefm-am-morgen,2020-03-28,Changes,No Vacation,Phasing,Topshelf
bytefm-am-morgen,2020-03-28,Palace,Wild Beasts,Present Tense,Domino
bytefm-am-morgen,2020-03-28,A Homeless Ghost,Console,Herself,Disko B
bytefm-am-morgen,2020-03-28,Rainbow,Isobel Campbell,There Is No Other,Cooking Vinyl
bytefm-am-morgen,2020-03-28,Sweet Life,Frank Ocean,Channel Orange,Island
bytefm-am-morgen,2020-03-28,10:51 PM  The Night (feat. Berwyn & Maria Somerville),Everything Is Recorded,10:51,The Night (Single) | XL Recordings
bytefm-am-morgen,2020-03-28,Ian Fisher_ID,,,
bytefm-am-morgen,2020-03-28,Futon Fortress,The Ruby Suns,Christopher,Memphis Industries
bytefm-am-morgen,2020-03-28,Eating At The Void (Skyence Remix),Taprikk Sweezee,Poly Remixes EP,Error Broadcast
bytefm-am-morgen,2020-03-28,The Magician,Andy Shauf,The Magician (Single),Anti
bytefm-am-morgen,2020-03-28,I'm A Good Woman,Hannah Williams & The Tastemakers,A Hill Of Feathers,Record Kicks
bytefm-am-morgen,2020-03-28,Gotta Get Up (Another Day) (With 4Hero),Jill Scott,Experience: Jill Scott 826+,Hidden Beach
bytefm-am-morgen,2020-03-28,So Clear,Junip,Junip,City Slang
bytefm-am-morgen,2020-03-28,Waiting 4 You,Steve Spacek,Houses,Black Focus
bytefm-am-morgen,2020-03-29,Never Come Back,Caribou,Never Come Back (Single),Merge
bytefm-am-morgen,2020-03-29,Nature Trips,Eyedress,Supernatural EP,Abeano
bytefm-am-morgen,2020-03-29,Dreams Tonight,Boots Electric,Honkey Kong,Cooperative Music
bytefm-am-morgen,2020-03-29,Concrete Pony,Ghostpoet,Concrete Pony (Single),Ghostpoet
bytefm-am-morgen,2020-03-29,Unbreakable,Alicia Keys,Unbreakable,J Records
bytefm-am-morgen,2020-03-29,Shuffle A Dream,Little Dragon,Ritual Union,Peacefrog
bytefm-am-morgen,2020-03-29,Who Are You,Madsius Ovanda,Talking Underwater,Popup Records
bytefm-am-morgen,2020-03-29,I Can See (Feat. Ben Westbeech) (Ye:Solar Remix),Jazzanova,Upside Down,Sonar Kollektiv
bytefm-am-morgen,2020-03-29,Brand - New - Life,Young Marble Giants,Colossal Youth,Domino
bytefm-am-morgen,2020-03-29,Natural One,Shearwater,Fellow Travelers,Sub Pop
bytefm-am-morgen,2020-03-29,Skull & Bones,A.A. Bondy,Believers,Fat Possum|Turnstile|PIAS
bytefm-am-morgen,2020-03-29,I Get Low,The Rifles,Freedom Run,Right Hook Records
bytefm-am-morgen,2020-03-29,Beautiful (Blackstar Remix),Mary J. Blige,All That I Can Say,MCA
bytefm-am-morgen,2020-03-29,What They Do (LP Version),The Roots,Illadelph Halflife,Geffen
bytefm-am-morgen,2020-03-29,Down To The Sound,Bibio,The Green EP,Warp
bytefm-am-morgen,2020-03-29,Health Food,Berhana,Year Of The Witch,Captured Tracks
bytefm-am-morgen,2020-03-29,When I Come Home,Sharon Jones & The Dap-Kings,Soul Time!,Daptone Records
bytefm-am-morgen,2020-03-29,Spit Three Times,Neneh Cherry,Blank Project,Smalltown Supersound
bytefm-am-morgen,2020-03-29,Rocket Fuel (feat. De La Soul),DJ Shadow,Rocket Fuel (Single),Mass Appeal
bytefm-am-morgen,2020-03-29,Solitude (Feat. Emerson Todd),Ruede Hagelstein,Watergate 13 Radio Edits,Watergate
bytefm-am-morgen,2020-03-29,Blood Never Lies,Thurston Moore,Demolished Thoughts,Matador|Beggars Group
bytefm-am-morgen,2020-03-29,When I Can't Sleep,Pascal Pinon,Twosomeness,Morr Music
bytefm-am-morgen,2020-03-29,Freedom,Sampa The Great,The Return,Ninja Tune
bytefm-am-morgen,2020-03-29,Someone Great,LCD Soundsystem,Sound Of Silver,DFA
bytefm-am-morgen,2020-03-29,Put Your Collar Up,Magic Arm,Images Rolling,Peacefrog
bytefm-am-morgen,2020-03-29,Love Hungry Man,Mark Kozelek,What's Next To The Moon,Badman
bytefm-am-morgen,2020-03-29,Starbucks,DC Schneider,Starbucks (Single),Staatsakt
bytefm-am-morgen,2020-03-29,Off The Beach,Wire,Mind Hive,Pinkflag
bytefm-am-morgen,2020-03-29,Come To,Bombay Bicycle Club,"So Long, See You Tomorrow",Island
bytefm-am-morgen,2020-03-29,Tiefseefisch,Baerchen und die Milchbubis,Und Dann Macht Es Bumm,No Fun Records
bytefm-am-morgen,2020-03-29,Daydream,Jenny Penkin,"Him, On The Other Hand",Raw Tapes
bytefm-am-morgen,2020-03-29,Personalia,"Locate S,1",Personalia,Captured Tracks
bytefm-am-morgen,2020-03-29,Jockey Full Of Bourbon,Tom Waits,Rain Dogs,Island
bytefm-am-morgen,2020-03-29,Heaven (Album Version),Depeche Mode,Heaven,Venusnote | Columbia
bytefm-am-morgen,2020-03-29,Lessons,S O H N,Lessons (Single),4AD
bytefm-am-morgen,2020-03-30,Dance Through It,Twin Peaks,Dance Through It,Communion Records
bytefm-am-morgen,2020-03-30,Harlequin Dream,Boy & Bear,Harlequin Dream,Nettwerk
bytefm-am-morgen,2020-03-30,Shuffle,Bombay Bicycle Club,A Different Kind Of Fix,Island
bytefm-am-morgen,2020-03-30,Something Has To Change,The Japanese House,Something Has To Change (Single),Dirty Hit|Caroline
bytefm-am-morgen,2020-03-30,Timezone,Steaming Satellites,Slipstream,The Instrument Village
bytefm-am-morgen,2020-03-30,Bill Murray,Phantogram,Voices,Republic
bytefm-am-morgen,2020-03-30,Sincerely Yours,Omni,Sincerely Yours (Single),Sub Pop
bytefm-am-morgen,2020-03-30,Believe,Cant,Dreams Come True,Warp
bytefm-am-morgen,2020-03-30,St Marie Under Canon,Cornershop,England Is A Garden,Ample Play
bytefm-am-morgen,2020-03-30,Walk Into The Forest,Mechanical Bride,Living With Ants,Trangressive Records|Cooperative Music
bytefm-am-morgen,2020-03-30,Chinatown,Destroyer,Kaputt,Merge
bytefm-am-morgen,2020-03-30,No Below,Speedy Ortiz,Major Arcana,Carpark
bytefm-am-morgen,2020-03-30,The Listening Times,Lawrence Arabia,The Sparrow,Bella Union
bytefm-am-morgen,2020-03-30,On Your Way Down,Trombone Shorty,Backatown,Verve
bytefm-am-morgen,2020-03-30,Walking Lightly,Junip,Junip,City Slang
bytefm-am-morgen,2020-03-30,Can't Go On Like This,Native Harrow,Happier Now,Loose Music
bytefm-am-morgen,2020-03-30,Sure Shot,Beastie Boys,Ill Communication,Grand Royal | Capitol
bytefm-am-morgen,2020-03-30,Penalties Of Love,Sequoyah Murray,Penalties Of Love (Single),Thrill Jockey
bytefm-am-morgen,2020-03-30,Papi Pacify,FKA Twigs,EP2,Young Turks
bytefm-am-morgen,2020-03-30,Kristallen,Det Vackra Livet,Det Vackra Livet,Labrador
bytefm-am-morgen,2020-03-30,Freakout!,Mini Mansions,The Great Pretenders,Fiction Records
bytefm-am-morgen,2020-03-30,25,Fieh,Cold Water Burning Skin,Universal
bytefm-am-morgen,2020-03-30,Colleen,The Foreign Resort,The Foreign Resort,Monolathe Recordings
bytefm-am-morgen,2020-03-30,Wo Er Wohnt,Saal 2,Was Macht Die Musik?,Tapete Records
bytefm-am-morgen,2020-03-30,Say My Name,Holy Ghost!,Holy Ghost!,Cooperative Music
bytefm-am-morgen,2020-03-30,Move Me (feat. Octavian),Mura Masa,Move Me (Single),Polydor
bytefm-am-morgen,2020-03-30,I'll Be Around,Yo la Tengo,Fade,Matador
bytefm-am-morgen,2020-03-30,Ritual Union (Maya Jane Coles Remix),Little Dragon,Ritual Union EP,Peacefrog
bytefm-am-morgen,2020-03-30,"No Blacks, No Dogs, No Irish",Skinny Pelembe,Dreaming Is Dead Now,Brownswood Recordings
bytefm-am-morgen,2020-03-30,Pangea,Kit Sebastian,Mantra Moderne,Mr Bongo
bytefm-am-morgen,2020-03-30,Yellow Dandelion (feat. Georgia Anne Muldrow),Joe Armon-Jones,Yellow Dandelion (Single),Brownswood Recordings
bytefm-am-morgen,2020-03-31,Two Lucky,Helado Negro,This Is How You Smile,RVNG
bytefm-am-morgen,2020-03-31,This Time Next Year,Damien Jurado,Maraqopa,Secretly Canadian
bytefm-am-morgen,2020-03-31,It's Him!,White Denim,D,PIAS
bytefm-am-morgen,2020-03-31,ForgivenForgotten,Angel Olsen,Burn Your Fire For No Witness,Jagjaguwar
bytefm-am-morgen,2020-03-31,Es kommt in Wellen,Kinderzimmer Productions,Es kommt in Wellen (Single),Groenland Records
bytefm-am-morgen,2020-03-31,Ants,Elephant,Sky Swimming,Memphis Industries
bytefm-am-morgen,2020-03-31,Low Key,Tweedy,Sukierae,ANTI-
bytefm-am-morgen,2020-03-31,Dead Meat,Mariam The Believer,Blood Donation,Moshi Moshi
bytefm-am-morgen,2020-03-31,Happiness,Blood Orange,Angel's Pulse,Domino Records
bytefm-am-morgen,2020-03-31,Too Much Money,Automatic,Signal,Stones Throw
bytefm-am-morgen,2020-03-31,Ich Liebe Euch (Batty Beats Remix),Hildegard Knef,The Reform Sessions,Popup
bytefm-am-morgen,2020-03-31,Out Of Order,Shari Vari,Now,Malka Tuti
bytefm-am-morgen,2020-03-31,Goddess,Alice Hubble,Goddess,Happy Robots Records
bytefm-am-morgen,2020-03-31,Fall Down,Crumb,Jinx,Crumb Records
bytefm-am-morgen,2020-03-31,Israelites,Desmond Dekker & The Aces,Israelites: The Best Of Desmond Dekker,Sanctuary Records | Universal
bytefm-am-morgen,2020-03-31,Lazy Bones,Wooden Shjips,West,Thrill Jockey
bytefm-am-morgen,2020-03-31,Howling (Radio),Ry & Frank Wiedemann,Howling,Innervisions
bytefm-am-morgen,2020-03-31,Make The Road By Walking,Menahan Street Band,Make The Road By Walking,Daptone
bytefm-am-morgen,2020-03-31,Do Yeah,Bananagun,Do Yeah (Single),Full Time Hobby
bytefm-am-morgen,2020-03-31,240D,Olden Yolk,Living Theatre,Trouble in Mind
bytefm-am-morgen,2020-03-31,Patience,Marsmobil,The Other Side EP,Compost
bytefm-am-morgen,2020-03-31,Changing Of The Guard,Holy Ghost!,Dynamics,DFA
bytefm-am-morgen,2020-03-31,Hard to Kill,Bleached,Don't You Think You've Had Enough,Dead Oceans
bytefm-am-morgen,2020-03-31,How's It Wrong,Toro Y Moi,Anything In Return,Carpark
bytefm-am-morgen,2020-03-31,Dance The ECB,"Ja, Panik",Libertatia,Staatsakt
bytefm-am-morgen,2020-03-31,Brothers,The War On Drugs,,
bytefm-am-morgen,2020-03-31,Love Me Or Leave Me,Nina Simone,Little Girl Blue,Bethlehem
bytefm-am-morgen,2020-03-31,Kar Yagar,Derya Yildirim & Grup Simsek,Kar Yagar (Single),
bytefm-am-morgen,2020-03-31,Golden,The Late Call,Golden,Tapete Records
bytefm-am-morgen,2020-03-31,Maple Trees,Cascading Slopes,Towards A Quaker View Of Synthesizers,Plastiq Musiq
bytefm-am-morgen,2020-03-31,& Jay-Z Singt Uns Ein Lied (Feat. Casper),Thees Uhlmann,Thees Uhlmann,Gran Hotel Van Cleef
bytefm-am-morgen,2020-03-31,Im Westen Nichts Neues,Kid Kopphausen,I,Trocadero | Indigo
bytefm-am-morgen,2020-03-31,"It's Alright, It's Ok (Radio Edit)",Primal Scream,"It's Alright, It's Ok (Single)",First International
bytefm-am-morgen,2020-03-31,Dancing Anymore,Is Tropical,I'm Leaving,Ktisuné
bytefm-am-morgen,2020-03-31,Leave Room 2 Breathe,"Alexa Dash, Jayda G",Leave Room 2 Breathe (Single),Ninja Tune
